index,slice_file_name,classID,class,video_name
1,07TCM-18-1.wav,18,person,07TCM
2,09F15-18-1.wav,18,person,09F15
3,0BX9N-18-1.wav,18,person,0BX9N
4,0CG15-18-1.wav,18,person,0CG15
5,0DD62-18-1.wav,18,person,0DD62
6,0DD62-18-2.wav,18,person,0DD62
7,0F453-18-1.wav,18,person,0F453
8,0HV07-18-1.wav,18,person,0HV07
9,0IAGO-18-1.wav,18,person,0IAGO
10,0IU3G-18-1.wav,18,person,0IU3G
11,0JXN3-18-1.wav,18,person,0JXN3
12,0LHWF-18-1.wav,18,person,0LHWF
13,0M1ZU-18-1.wav,18,person,0M1ZU
14,0M1ZU-18-2.wav,18,person,0M1ZU
15,0N4KN-18-1.wav,18,person,0N4KN
16,0NJ26-18-1.wav,18,person,0NJ26
17,0NJ26-18-2.wav,18,person,0NJ26
18,0NZVB-18-1.wav,18,person,0NZVB
19,0O36O-18-1.wav,18,person,0O36O
20,0POYO-18-1.wav,18,person,0POYO
21,0RNG6-18-1.wav,18,person,0RNG6
22,0TM53-18-1.wav,18,person,0TM53
23,0UFGC-18-1.wav,18,person,0UFGC
24,0UZ0Y-18-1.wav,18,person,0UZ0Y
25,0VKEE-18-1.wav,18,person,0VKEE
26,0VKEE-18-2.wav,18,person,0VKEE
27,0VKEE-18-3.wav,18,person,0VKEE
28,0VQQL-18-1.wav,18,person,0VQQL
29,0YXN6-18-1.wav,18,person,0YXN6
30,0Z1PC-18-1.wav,18,person,0Z1PC
31,100U3-18-1.wav,18,person,100U3
32,11HOM-18-1.wav,18,person,11HOM
33,11TTU-18-1.wav,18,person,11TTU
34,12N1H-18-1.wav,18,person,12N1H
35,1375X-18-1.wav,18,person,1375X
36,13XM4-18-1.wav,18,person,13XM4
37,13YII-18-1.wav,18,person,13YII
38,144JW-18-1.wav,18,person,144JW
39,1514T-18-1.wav,18,person,1514T
40,16IDQ-18-1.wav,18,person,16IDQ
41,16WZF-18-1.wav,18,person,16WZF
42,17AZ5-18-1.wav,18,person,17AZ5
43,194WK-18-1.wav,18,person,194WK
44,1D31Z-18-1.wav,18,person,1D31Z
45,1DNAX-18-1.wav,18,person,1DNAX
46,1F706-18-1.wav,18,person,1F706
47,1HZGH-18-1.wav,18,person,1HZGH
48,1KFLX-18-1.wav,18,person,1KFLX
49,1LBUG-18-1.wav,18,person,1LBUG
50,1O6PH-18-1.wav,18,person,1O6PH
51,1OVB8-18-1.wav,18,person,1OVB8
52,1Q4P9-18-1.wav,18,person,1Q4P9
53,1QT62-18-1.wav,18,person,1QT62
54,1QT62-18-2.wav,18,person,1QT62
55,1SUIC-18-1.wav,18,person,1SUIC
56,1US0H-18-1.wav,18,person,1US0H
57,1VIQC-18-1.wav,18,person,1VIQC
58,1ZEJJ-18-1.wav,18,person,1ZEJJ
59,1ZEJJ-18-2.wav,18,person,1ZEJJ
60,2074D-18-1.wav,18,person,2074D
61,20WZU-18-1.wav,18,person,20WZU
62,21E40-18-1.wav,18,person,2.10E+41
63,23QFL-18-1.wav,18,person,23QFL
64,23QFL-18-2.wav,18,person,23QFL
65,25O6O-18-1.wav,18,person,25O6O
66,29LL7-18-1.wav,18,person,29LL7
67,2D98B-18-1.wav,18,person,2D98B
68,2FC4V-18-1.wav,18,person,2FC4V
69,2FH2V-18-1.wav,18,person,2FH2V
70,2GQDN-18-1.wav,18,person,2GQDN
71,2H56B-18-1.wav,18,person,2H56B
72,2JOTF-18-1.wav,18,person,2JOTF
73,2JOTF-18-2.wav,18,person,2JOTF
74,2MAZY-18-1.wav,18,person,2MAZY
75,2N5VN-18-1.wav,18,person,2N5VN
76,2NKX2-18-1.wav,18,person,2NKX2
77,2SIO0-18-1.wav,18,person,2SIO0
78,2SYBS-18-1.wav,18,person,2SYBS
79,2SYBS-18-2.wav,18,person,2SYBS
80,2TWI2-18-1.wav,18,person,2TWI2
81,2TWI2-18-2.wav,18,person,2TWI2
82,2TWI2-18-3.wav,18,person,2TWI2
83,2URXS-18-1.wav,18,person,2URXS
84,2WN4P-18-1.wav,18,person,2WN4P
85,2WN4P-18-2.wav,18,person,2WN4P
86,2WN4P-18-3.wav,18,person,2WN4P
87,2ZXJ5-18-1.wav,18,person,2ZXJ5
88,2ZXJ5-18-2.wav,18,person,2ZXJ5
89,27ZT9-18-1.wav,18,person,27ZT9
90,29OV5-18-1.wav,18,person,29OV5
91,29OV5-18-2.wav,18,person,29OV5
92,29OV5-18-3.wav,18,person,29OV5
93,2BO2G-18-1.wav,18,person,2BO2G
94,2FPB3-18-1.wav,18,person,2FPB3
95,2TAT3-18-1.wav,18,person,2TAT3
96,2USX0-18-1.wav,18,person,2USX0
97,2XXH8-18-1.wav,18,person,2XXH8
98,2Y8XQ-18-1.wav,18,person,2Y8XQ
99,2Y8XQ-18-2.wav,18,person,2Y8XQ
100,2Y8XQ-18-3.wav,18,person,2Y8XQ
101,30I35-18-1.wav,18,person,30I35
102,38B3F-18-1.wav,18,person,38B3F
103,3HRNV-18-1.wav,18,person,3HRNV
104,3JCEI-18-1.wav,18,person,3JCEI
105,3JXKZ-18-1.wav,18,person,3JXKZ
106,3JXKZ-18-2.wav,18,person,3JXKZ
107,3JXKZ-18-3.wav,18,person,3JXKZ
108,3JXKZ-18-4.wav,18,person,3JXKZ
109,3JXKZ-18-5.wav,18,person,3JXKZ
110,3JXKZ-18-6.wav,18,person,3JXKZ
111,3MZZI-18-1.wav,18,person,3MZZI
112,3SKWW-18-1.wav,18,person,3SKWW
113,3VWSP-18-1.wav,18,person,3VWSP
114,3VWSP-18-2.wav,18,person,3VWSP
115,3YQE2-18-1.wav,18,person,3YQE2
116,3YQE2-18-2.wav,18,person,3YQE2
117,300LS-18-1.wav,18,person,300LS
118,300LS-18-2.wav,18,person,300LS
119,300LS-18-3.wav,18,person,300LS
120,313G8-18-1.wav,18,person,313G8
121,313G8-18-2.wav,18,person,313G8
122,33OVO-18-1.wav,18,person,33OVO
123,391VK-18-1.wav,18,person,391VK
124,391VK-18-2.wav,18,person,391VK
125,39850-18-1.wav,18,person,39850
126,39T0D-18-1.wav,18,person,39T0D
127,39T0D-18-2.wav,18,person,39T0D
128,39T0D-18-3.wav,18,person,39T0D
129,3BH39-18-1.wav,18,person,3BH39
130,3DO95-18-1.wav,18,person,3DO95
131,3G4PN-18-1.wav,18,person,3G4PN
132,3KZF7-18-1.wav,18,person,3KZF7
133,3MAY9-18-1.wav,18,person,3-May-09
134,3MIWR-18-1.wav,18,person,3MIWR
135,3MIWR-18-2.wav,18,person,3MIWR
136,3MIWR-18-3.wav,18,person,3MIWR
137,3MWAY-18-1.wav,18,person,3MWAY
138,3ONCH-18-1.wav,18,person,3ONCH
139,3SNSC-18-1.wav,18,person,3SNSC
140,3V7MT-18-1.wav,18,person,3V7MT
141,3V7MT-18-2.wav,18,person,3V7MT
142,3W31X-18-1.wav,18,person,3W31X
143,3W31X-18-2.wav,18,person,3W31X
144,3W31X-18-3.wav,18,person,3W31X
145,3W31X-18-4.wav,18,person,3W31X
146,3WAWR-18-1.wav,18,person,3WAWR
147,3XKBC-18-1.wav,18,person,3XKBC
148,3XKBC-18-2.wav,18,person,3XKBC
149,3YVPG-18-1.wav,18,person,3YVPG
150,3Z1YC-18-1.wav,18,person,3Z1YC
151,3Z7KH-18-1.wav,18,person,3Z7KH
152,40FKN-18-1.wav,18,person,40FKN
153,41GXC-18-1.wav,18,person,41GXC
154,42MIK-18-1.wav,18,person,42MIK
155,43UDQ-18-1.wav,18,person,43UDQ
156,44Q8A-18-1.wav,18,person,44Q8A
157,46Z16-18-1.wav,18,person,46Z16
158,4713W-18-1.wav,18,person,4713W
159,472B0-18-1.wav,18,person,472B0
160,47D1Y-18-1.wav,18,person,47D1Y
161,47Y1X-18-1.wav,18,person,47Y1X
162,47Y1X-18-2.wav,18,person,47Y1X
163,4878H-18-1.wav,18,person,4878H
164,4878H-18-2.wav,18,person,4878H
165,4878H-18-3.wav,18,person,4878H
166,4878H-18-4.wav,18,person,4878H
167,4878H-18-5.wav,18,person,4878H
168,48EEP-18-1.wav,18,person,48EEP
169,48EEP-18-2.wav,18,person,48EEP
170,49NHJ-18-1.wav,18,person,49NHJ
171,49NHJ-18-2.wav,18,person,49NHJ
172,49NHJ-18-3.wav,18,person,49NHJ
173,4C5S6-18-1.wav,18,person,4C5S6
174,4DWGO-18-1.wav,18,person,4DWGO
175,4G00A-18-1.wav,18,person,4G00A
176,4GWNV-18-1.wav,18,person,4GWNV
177,4HGD7-18-1.wav,18,person,4HGD7
178,4MGUQ-18-1.wav,18,person,4MGUQ
179,4MUXJ-18-1.wav,18,person,4MUXJ
180,4N5P9-18-1.wav,18,person,4N5P9
181,4N5P9-18-2.wav,18,person,4N5P9
182,4N5P9-18-3.wav,18,person,4N5P9
183,4N5P9-18-4.wav,18,person,4N5P9
184,4N5P9-18-5.wav,18,person,4N5P9
185,4N5P9-18-6.wav,18,person,4N5P9
186,4N5P9-18-7.wav,18,person,4N5P9
187,4N5P9-18-8.wav,18,person,4N5P9
188,4N5P9-18-9.wav,18,person,4N5P9
189,4SW5W-18-1.wav,18,person,4SW5W
190,4U20P-18-1.wav,18,person,4U20P
191,4U20P-18-2.wav,18,person,4U20P
192,4U20P-18-3.wav,18,person,4U20P
193,4U20P-18-4.wav,18,person,4U20P
194,4U20P-18-5.wav,18,person,4U20P
195,4U20P-18-6.wav,18,person,4U20P
196,4U20P-18-7.wav,18,person,4U20P
197,4U52R-18-1.wav,18,person,4U52R
198,4VODV-18-1.wav,18,person,4VODV
199,4VODV-18-2.wav,18,person,4VODV
200,4VODV-18-3.wav,18,person,4VODV
201,4WX0H-18-1.wav,18,person,4WX0H
202,4WX0H-18-2.wav,18,person,4WX0H
203,4WX0H-18-3.wav,18,person,4WX0H
204,41T8C-18-1.wav,18,person,41T8C
205,4683D-18-1.wav,18,person,4683D
206,4683D-18-2.wav,18,person,4683D
207,4A28I-18-1.wav,18,person,4A28I
208,4A28I-18-2.wav,18,person,4A28I
209,4A28I-18-3.wav,18,person,4A28I
210,4BIMI-18-1.wav,18,person,4BIMI
211,4BIMI-18-2.wav,18,person,4BIMI
212,4BIMI-18-3.wav,18,person,4BIMI
213,4BIMI-18-4.wav,18,person,4BIMI
214,4QGP6-18-1.wav,18,person,4QGP6
215,4QGP6-18-2.wav,18,person,4QGP6
216,4VJDU-18-1.wav,18,person,4VJDU
217,4VJDU-18-2.wav,18,person,4VJDU
218,4VJDU-18-3.wav,18,person,4VJDU
219,55NRK-18-1.wav,18,person,55NRK
220,5NG6Q-18-1.wav,18,person,5NG6Q
221,5WS7U-18-1.wav,18,person,5WS7U
222,5WS7U-18-2.wav,18,person,5WS7U
223,5WS7U-18-3.wav,18,person,5WS7U
224,5WS7U-18-4.wav,18,person,5WS7U
225,5WS7U-18-5.wav,18,person,5WS7U
226,50TLF-18-1.wav,18,person,50TLF
227,50TLF-18-2.wav,18,person,50TLF
228,51JUO-18-1.wav,18,person,51JUO
229,51ZY5-18-1.wav,18,person,51ZY5
230,54CFS-18-1.wav,18,person,54CFS
231,54CFS-18-2.wav,18,person,54CFS
232,54CFS-18-3.wav,18,person,54CFS
233,54CFS-18-4.wav,18,person,54CFS
234,54CFS-18-5.wav,18,person,54CFS
235,56U6A-18-1.wav,18,person,56U6A
236,5AW54-18-1.wav,18,person,5AW54
237,5BTFZ-18-1.wav,18,person,5BTFZ
238,5BTFZ-18-2.wav,18,person,5BTFZ
239,5BTFZ-18-3.wav,18,person,5BTFZ
240,5BTFZ-18-4.wav,18,person,5BTFZ
241,5D351-18-1.wav,18,person,5D351
242,5DEHA-18-1.wav,18,person,5DEHA
243,5ECJ4-18-1.wav,18,person,5ECJ4
244,5ECJ4-18-2.wav,18,person,5ECJ4
245,5EFZ1-18-1.wav,18,person,5EFZ1
246,5EFZ1-18-2.wav,18,person,5EFZ1
247,5GK8W-18-1.wav,18,person,5GK8W
248,5HWX0-18-1.wav,18,person,5HWX0
249,5HWX0-18-2.wav,18,person,5HWX0
250,5HWX0-18-3.wav,18,person,5HWX0
251,5HWX0-18-4.wav,18,person,5HWX0
252,5HWX0-18-5.wav,18,person,5HWX0
253,5IOQB-18-1.wav,18,person,5IOQB
254,5IOQB-18-2.wav,18,person,5IOQB
255,5IOQB-18-3.wav,18,person,5IOQB
256,5J91T-18-1.wav,18,person,5J91T
257,5J91T-18-2.wav,18,person,5J91T
258,5J91T-18-3.wav,18,person,5J91T
259,5JVMD-18-1.wav,18,person,5JVMD
260,5L04F-18-1.wav,18,person,5L04F
261,5LFGO-18-1.wav,18,person,5LFGO
262,5MDL5-18-1.wav,18,person,5MDL5
263,5MDL5-18-2.wav,18,person,5MDL5
264,5MDL5-18-3.wav,18,person,5MDL5
265,5MDL5-18-4.wav,18,person,5MDL5
266,5MDL5-18-5.wav,18,person,5MDL5
267,5OCXJ-18-1.wav,18,person,5OCXJ
268,5US4Z-18-1.wav,18,person,5US4Z
269,5V5EL-18-1.wav,18,person,5V5EL
270,5V5EL-18-2.wav,18,person,5V5EL
271,5V8OI-18-1.wav,18,person,5V8OI
272,5XA4R-18-1.wav,18,person,5XA4R
273,5XAMJ-18-1.wav,18,person,5XAMJ
274,5XEOB-18-1.wav,18,person,5XEOB
275,5XEOB-18-2.wav,18,person,5XEOB
276,5XEOB-18-3.wav,18,person,5XEOB
277,5ZHOX-18-1.wav,18,person,5ZHOX
278,5ZHOX-18-2.wav,18,person,5ZHOX
279,61KCY-18-1.wav,18,person,61KCY
280,61WIS-18-1.wav,18,person,61WIS
281,64HO1-18-1.wav,18,person,64HO1
282,64SL1-18-1.wav,18,person,64SL1
283,654CH-18-1.wav,18,person,654CH
284,6703W-18-1.wav,18,person,6703W
285,670G1-18-1.wav,18,person,670G1
286,67RSR-18-1.wav,18,person,67RSR
287,6AHD0-18-1.wav,18,person,6AHD0
288,6C2DJ-18-1.wav,18,person,6C2DJ
289,6CGRP-18-1.wav,18,person,6CGRP
290,6CGRP-18-2.wav,18,person,6CGRP
291,6HWQJ-18-1.wav,18,person,6HWQJ
292,6HWQJ-18-2.wav,18,person,6HWQJ
293,6HWQJ-18-3.wav,18,person,6HWQJ
294,6HWQJ-18-4.wav,18,person,6HWQJ
295,6HWQJ-18-5.wav,18,person,6HWQJ
296,6I0IH-18-1.wav,18,person,6I0IH
297,6IIV9-18-1.wav,18,person,6IIV9
298,6IIV9-18-2.wav,18,person,6IIV9
299,6IIV9-18-3.wav,18,person,6IIV9
300,6KXR1-18-1.wav,18,person,6KXR1
301,6QH7V-18-1.wav,18,person,6QH7V
302,6QH7V-18-2.wav,18,person,6QH7V
303,6QH7V-18-3.wav,18,person,6QH7V
304,6U8AV-18-1.wav,18,person,6U8AV
305,6U8AV-18-2.wav,18,person,6U8AV
306,6U8AV-18-3.wav,18,person,6U8AV
307,6U8AV-18-4.wav,18,person,6U8AV
308,6U8AV-18-5.wav,18,person,6U8AV
309,6U8AV-18-6.wav,18,person,6U8AV
310,6U8AV-18-7.wav,18,person,6U8AV
311,6ZKZS-18-1.wav,18,person,6ZKZS
312,62AC0-18-1.wav,18,person,62AC0
313,6H78U-18-1.wav,18,person,6H78U
314,6ZWSU-18-1.wav,18,person,6ZWSU
315,75F82-18-1.wav,18,person,75F82
316,75F82-18-2.wav,18,person,75F82
317,77Z0Z-18-1.wav,18,person,77Z0Z
318,77Z0Z-18-2.wav,18,person,77Z0Z
319,77Z0Z-18-3.wav,18,person,77Z0Z
320,77Z0Z-18-4.wav,18,person,77Z0Z
321,77Z0Z-18-5.wav,18,person,77Z0Z
322,77Z0Z-18-6.wav,18,person,77Z0Z
323,7DEBA-18-1.wav,18,person,7DEBA
324,7KW31-18-1.wav,18,person,7KW31
325,7R0LB-18-1.wav,18,person,7R0LB
326,7R44Z-18-1.wav,18,person,7R44Z
327,7R44Z-18-2.wav,18,person,7R44Z
328,7V4NJ-18-1.wav,18,person,7V4NJ
329,7V4NJ-18-2.wav,18,person,7V4NJ
330,7V4NJ-18-3.wav,18,person,7V4NJ
331,75AX5-18-1.wav,18,person,75AX5
332,75AX5-18-2.wav,18,person,75AX5
333,77HDM-18-1.wav,18,person,77HDM
334,7B1CR-18-1.wav,18,person,7B1CR
335,7B1CR-18-2.wav,18,person,7B1CR
336,7CBNR-18-1.wav,18,person,7CBNR
337,7CBNR-18-2.wav,18,person,7CBNR
338,7FCAW-18-1.wav,18,person,7FCAW
339,7FCAW-18-2.wav,18,person,7FCAW
340,7FCAW-18-3.wav,18,person,7FCAW
341,7FCAW-18-4.wav,18,person,7FCAW
342,7G0HB-18-1.wav,18,person,7G0HB
343,7GPSY-18-1.wav,18,person,7GPSY
344,7GPSY-18-2.wav,18,person,7GPSY
345,7GPSY-18-3.wav,18,person,7GPSY
346,7GPSY-18-4.wav,18,person,7GPSY
347,7HZHM-18-1.wav,18,person,7HZHM
348,7L7P4-18-1.wav,18,person,7L7P4
349,7L7P4-18-2.wav,18,person,7L7P4
350,7L7P4-18-3.wav,18,person,7L7P4
351,7L7P4-18-4.wav,18,person,7L7P4
352,7M1D0-18-1.wav,18,person,7M1D0
353,7M1D0-18-2.wav,18,person,7M1D0
354,7MI5Z-18-1.wav,18,person,7MI5Z
355,7MI5Z-18-2.wav,18,person,7MI5Z
356,7MI5Z-18-3.wav,18,person,7MI5Z
357,7MI5Z-18-4.wav,18,person,7MI5Z
358,7MI5Z-18-5.wav,18,person,7MI5Z
359,7MI5Z-18-6.wav,18,person,7MI5Z
360,7ODVS-18-1.wav,18,person,7ODVS
361,7ODVS-18-2.wav,18,person,7ODVS
362,7SLK1-18-1.wav,18,person,7SLK1
363,7SUTI-18-1.wav,18,person,7SUTI
364,7SUTI-18-2.wav,18,person,7SUTI
365,7SUTI-18-3.wav,18,person,7SUTI
366,7UZZI-18-1.wav,18,person,7UZZI
367,7UZZI-18-2.wav,18,person,7UZZI
368,7UZZI-18-3.wav,18,person,7UZZI
369,028CE-18-1.wav,18,person,028CE
370,06NUT-18-1.wav,18,person,06NUT
371,06R14-18-1.wav,18,person,06R14
372,06R14-18-2.wav,18,person,06R14
373,07AWM-18-1.wav,18,person,07AWM
374,07AWM-18-2.wav,18,person,07AWM
375,07AWM-18-3.wav,18,person,07AWM
376,07AWM-18-4.wav,18,person,07AWM
377,7WOTM-18-1.wav,18,person,7WOTM
378,7XLMZ-18-1.wav,18,person,7XLMZ
379,7XLMZ-18-2.wav,18,person,7XLMZ
380,7XLMZ-18-3.wav,18,person,7XLMZ
381,7XLMZ-18-4.wav,18,person,7XLMZ
382,7XLMZ-18-5.wav,18,person,7XLMZ
383,7XLMZ-18-6.wav,18,person,7XLMZ
384,0FO58-18-1.wav,18,person,0FO58
385,0G2SC-18-1.wav,18,person,0G2SC
386,0G2SC-18-2.wav,18,person,0G2SC
387,0G2SC-18-3.wav,18,person,0G2SC
388,0G2SC-18-4.wav,18,person,0G2SC
389,0H04V-18-1.wav,18,person,0H04V
390,0H04V-18-2.wav,18,person,0H04V
391,0H04V-18-3.wav,18,person,0H04V
392,0H04V-18-4.wav,18,person,0H04V
393,03AA8-18-1.wav,18,person,03AA8
394,08QQS-18-1.wav,18,person,08QQS
395,08QQS-18-2.wav,18,person,08QQS
396,0BWYH-18-1.wav,18,person,0BWYH
397,0EGNU-18-1.wav,18,person,0EGNU
398,0IU3G-18-2.wav,18,person,0IU3G
399,0IU3G-18-3.wav,18,person,0IU3G
400,0IU3G-18-4.wav,18,person,0IU3G
401,0IU3G-18-5.wav,18,person,0IU3G
402,0IU3G-18-6.wav,18,person,0IU3G
403,0IU3G-18-7.wav,18,person,0IU3G
404,0IU3G-18-8.wav,18,person,0IU3G
405,0IU3G-18-9.wav,18,person,0IU3G
406,04MTP-18-1.wav,18,person,04MTP
407,04MTP-18-2.wav,18,person,04MTP
408,04MTP-18-3.wav,18,person,04MTP
409,04MTP-18-4.wav,18,person,04MTP
410,04MTP-18-5.wav,18,person,04MTP
411,04MTP-18-6.wav,18,person,04MTP
412,04MTP-18-7.wav,18,person,04MTP
413,05GIA-18-1.wav,18,person,05GIA
414,05ZNF-18-1.wav,18,person,05ZNF
415,05ZNF-18-2.wav,18,person,05ZNF
416,05ZNF-18-3.wav,18,person,05ZNF
417,05ZNF-18-4.wav,18,person,05ZNF
418,05ZNF-18-5.wav,18,person,05ZNF
419,05ZNF-18-6.wav,18,person,05ZNF
420,069GJ-18-1.wav,18,person,069GJ
421,069GJ-18-2.wav,18,person,069GJ
422,0HV07-18-2.wav,18,person,0HV07
423,0HV07-18-3.wav,18,person,0HV07
424,0HV07-18-4.wav,18,person,0HV07
425,0HV07-18-5.wav,18,person,0HV07
426,0IAGO-18-2.wav,18,person,0IAGO
427,0IAGO-18-3.wav,18,person,0IAGO
428,0IAGO-18-4.wav,18,person,0IAGO
429,0IAGO-18-5.wav,18,person,0IAGO
430,0IAGO-18-6.wav,18,person,0IAGO
431,0IAGO-18-7.wav,18,person,0IAGO
432,0IAGO-18-8.wav,18,person,0IAGO
433,0Z36L-18-1.wav,18,person,0Z36L
434,0YXN6-18-2.wav,18,person,0YXN6
435,0YXN6-18-3.wav,18,person,0YXN6
436,0YXN6-18-4.wav,18,person,0YXN6
437,0J5T4-18-1.wav,18,person,0J5T4
438,0JB3D-18-1.wav,18,person,0JB3D
439,0L07S-18-1.wav,18,person,0L07S
440,0L07S-18-2.wav,18,person,0L07S
441,0L07S-18-3.wav,18,person,0L07S
442,0L07S-18-4.wav,18,person,0L07S
443,0L07S-18-5.wav,18,person,0L07S
444,0L07S-18-6.wav,18,person,0L07S
445,0L07S-18-7.wav,18,person,0L07S
446,0L0KS-18-1.wav,18,person,0L0KS
447,0L0KS-18-2.wav,18,person,0L0KS
448,0L0KS-18-3.wav,18,person,0L0KS
449,0L0KS-18-4.wav,18,person,0L0KS
450,0L0KS-18-5.wav,18,person,0L0KS
451,0L0KS-18-6.wav,18,person,0L0KS
452,0LDP7-18-1.wav,18,person,0LDP7
453,0LDP7-18-2.wav,18,person,0LDP7
454,0LDP7-18-3.wav,18,person,0LDP7
455,0XV7B-18-1.wav,18,person,0XV7B
456,0XV7B-18-2.wav,18,person,0XV7B
457,0XV7B-18-3.wav,18,person,0XV7B
458,0XV7B-18-4.wav,18,person,0XV7B
459,0XV7B-18-5.wav,18,person,0XV7B
460,0XV7B-18-6.wav,18,person,0XV7B
461,0XV7B-18-7.wav,18,person,0XV7B
462,0XV7B-18-8.wav,18,person,0XV7B
463,0XV4T-18-1.wav,18,person,0XV4T
464,0XV4T-18-2.wav,18,person,0XV4T
465,0XV4T-18-3.wav,18,person,0XV4T
466,0XV4T-18-4.wav,18,person,0XV4T
467,0XRD1-18-1.wav,18,person,0XRD1
468,0XRD1-18-2.wav,18,person,0XRD1
469,0XRD1-18-3.wav,18,person,0XRD1
470,0XB7U-18-1.wav,18,person,0XB7U
471,0XB7U-18-2.wav,18,person,0XB7U
472,0WHOH-18-1.wav,18,person,0WHOH
473,0WHOH-18-2.wav,18,person,0WHOH
474,0W39H-18-1.wav,18,person,0W39H
475,0W39H-18-2.wav,18,person,0W39H
476,0W39H-18-3.wav,18,person,0W39H
477,0W39H-18-4.wav,18,person,0W39H
478,0W39H-18-5.wav,18,person,0W39H
479,0VQQL-18-2.wav,18,person,0VQQL
480,0VQQL-18-3.wav,18,person,0VQQL
481,0VQES-18-1.wav,18,person,0VQES
482,0VQES-18-2.wav,18,person,0VQES
483,0VQES-18-3.wav,18,person,0VQES
484,0VQES-18-4.wav,18,person,0VQES
485,0VQES-18-5.wav,18,person,0VQES
486,0VQCH-18-1.wav,18,person,0VQCH
487,0VMUZ-18-1.wav,18,person,0VMUZ
488,0VMUZ-18-2.wav,18,person,0VMUZ
489,0VMUZ-18-3.wav,18,person,0VMUZ
490,0VMUZ-18-4.wav,18,person,0VMUZ
491,0VMUZ-18-5.wav,18,person,0VMUZ
492,0VMUZ-18-6.wav,18,person,0VMUZ
493,0VMUZ-18-7.wav,18,person,0VMUZ
494,0V4B3-18-1.wav,18,person,0V4B3
495,0M2DO-18-1.wav,18,person,0M2DO
496,0M6IY-18-1.wav,18,person,0M6IY
497,0M6IY-18-2.wav,18,person,0M6IY
498,0M6IY-18-3.wav,18,person,0M6IY
499,0MDYC-18-1.wav,18,person,0MDYC
500,0MDYC-18-2.wav,18,person,0MDYC
501,0MDYC-18-3.wav,18,person,0MDYC
502,0MJHH-18-1.wav,18,person,0MJHH
503,0MJHH-18-2.wav,18,person,0MJHH
504,0MJHH-18-3.wav,18,person,0MJHH
505,0MJHH-18-4.wav,18,person,0MJHH
506,0MJHH-18-5.wav,18,person,0MJHH
507,0MJHH-18-6.wav,18,person,0MJHH
508,0MJHH-18-7.wav,18,person,0MJHH
509,0MJHH-18-8.wav,18,person,0MJHH
510,0NCWX-18-1.wav,18,person,0NCWX
511,0NN7I-18-1.wav,18,person,0NN7I
512,0NN7I-18-2.wav,18,person,0NN7I
513,0NN7I-18-3.wav,18,person,0NN7I
514,0NZVB-18-2.wav,18,person,0NZVB
515,0NZVB-18-3.wav,18,person,0NZVB
516,0O022-18-1.wav,18,person,0O022
517,0O022-18-2.wav,18,person,0O022
518,0O022-18-3.wav,18,person,0O022
519,0O36O-18-2.wav,18,person,0O36O
520,0OMFD-18-1.wav,18,person,0OMFD
521,0OMFD-18-2.wav,18,person,0OMFD
522,0OMFD-18-3.wav,18,person,0OMFD
523,0OMFD-18-4.wav,18,person,0OMFD
524,0OMFD-18-5.wav,18,person,0OMFD
525,0OMFD-18-6.wav,18,person,0OMFD
526,0OQVD-18-1.wav,18,person,0OQVD
527,0OUEP-18-1.wav,18,person,0OUEP
528,0OUEP-18-2.wav,18,person,0OUEP
529,0OUEP-18-3.wav,18,person,0OUEP
530,0OUEP-18-4.wav,18,person,0OUEP
531,0OUEP-18-5.wav,18,person,0OUEP
532,0PA3N-18-1.wav,18,person,0PA3N
533,0PA3N-18-2.wav,18,person,0PA3N
534,0PA3N-18-3.wav,18,person,0PA3N
535,0PA3N-18-4.wav,18,person,0PA3N
536,0PA3N-18-5.wav,18,person,0PA3N
537,0PSL4-18-1.wav,18,person,0PSL4
538,0QMGP-18-1.wav,18,person,0QMGP
539,0RDVJ-18-1.wav,18,person,0RDVJ
540,0RDVJ-18-2.wav,18,person,0RDVJ
541,0RPJX-18-1.wav,18,person,0RPJX
542,0RPJX-18-2.wav,18,person,0RPJX
543,0UQU6-18-1.wav,18,person,0UQU6
544,0UQU6-18-2.wav,18,person,0UQU6
545,0UFI4-18-1.wav,18,person,0UFI4
546,0UFI4-18-2.wav,18,person,0UFI4
547,0UBYY-18-1.wav,18,person,0UBYY
548,0S9KN-18-1.wav,18,person,0S9KN
549,0SE6A-18-1.wav,18,person,0SE6A
550,0SE6A-18-2.wav,18,person,0SE6A
551,0SE6A-18-3.wav,18,person,0SE6A
552,0SE6A-18-4.wav,18,person,0SE6A
553,0SK6H-18-1.wav,18,person,0SK6H
554,0SK6H-18-2.wav,18,person,0SK6H
555,0SK6H-18-3.wav,18,person,0SK6H
556,0SK6H-18-4.wav,18,person,0SK6H
557,0SK6H-18-5.wav,18,person,0SK6H
558,0SK6H-18-6.wav,18,person,0SK6H
559,0SK6H-18-7.wav,18,person,0SK6H
560,0SXRS-18-1.wav,18,person,0SXRS
561,0TIHC-18-1.wav,18,person,0TIHC
562,0TIHC-18-2.wav,18,person,0TIHC
563,0TIHC-18-3.wav,18,person,0TIHC
564,0TIHC-18-4.wav,18,person,0TIHC
565,0Z1PC-18-3.wav,18,person,0Z1PC
566,0Z1PC-18-2.wav,18,person,0Z1PC
567,0Z1PC-18-4.wav,18,person,0Z1PC
568,0V9WT-18-1.wav,18,person,0V9WT
569,0V9WT-18-2.wav,18,person,0V9WT
570,0UPBN-18-1.wav,18,person,0UPBN
571,0UPBN-18-2.wav,18,person,0UPBN
572,0UPBN-18-3.wav,18,person,0UPBN
573,0TKKR-18-1.wav,18,person,0TKKR
574,0TKKR-18-2.wav,18,person,0TKKR
575,0TKKR-18-3.wav,18,person,0TKKR
576,0TKKR-18-4.wav,18,person,0TKKR
577,0RNG6-18-2.wav,18,person,0RNG6
578,0RNG6-18-3.wav,18,person,0RNG6
579,0QAZ7-18-1.wav,18,person,0QAZ7
580,0PVKV-18-1.wav,18,person,0PVKV
581,0PVKV-18-2.wav,18,person,0PVKV
582,0N4KN-18-2.wav,18,person,0N4KN
583,0M0T4-18-1.wav,18,person,0M0T4
584,0KZYF-18-1.wav,18,person,0KZYF
585,0KZYF-18-2.wav,18,person,0KZYF
586,0KTWY-18-1.wav,18,person,0KTWY
587,0J471-18-1.wav,18,person,0J471
588,0J471-18-2.wav,18,person,0J471
589,0J1BT-18-1.wav,18,person,0J1BT
590,0J1BT-18-2.wav,18,person,0J1BT
591,120YL-18-1.wav,18,person,120YL
592,120YL-18-2.wav,18,person,120YL
593,136V6-18-1.wav,18,person,136V6
594,136V6-18-2.wav,18,person,136V6
595,136V6-18-3.wav,18,person,136V6
596,13XM4-18-2.wav,18,person,13XM4
597,13XM4-18-3.wav,18,person,13XM4
598,13XM4-18-4.wav,18,person,13XM4
599,13XM4-18-5.wav,18,person,13XM4
600,1440M-18-1.wav,18,person,1440M
601,1440M-18-2.wav,18,person,1440M
602,14HG1-18-1.wav,18,person,14HG1
603,15RTV-18-1.wav,18,person,15RTV
604,15RTV-18-2.wav,18,person,15RTV
605,15RTV-18-3.wav,18,person,15RTV
606,15RTV-18-4.wav,18,person,15RTV
607,15RTV-18-5.wav,18,person,15RTV
608,1AA3I-18-1.wav,18,person,1AA3I
609,1AA3I-18-2.wav,18,person,1AA3I
610,1AA3I-18-3.wav,18,person,1AA3I
611,1AA3I-18-4.wav,18,person,1AA3I
612,1AA3I-18-5.wav,18,person,1AA3I
613,1AA3I-18-6.wav,18,person,1AA3I
614,1B9DK-18-1.wav,18,person,1B9DK
615,1B9DK-18-2.wav,18,person,1B9DK
616,1B9DK-18-3.wav,18,person,1B9DK
617,1B9DK-18-4.wav,18,person,1B9DK
618,1B9DK-18-5.wav,18,person,1B9DK
619,1B9DK-18-6.wav,18,person,1B9DK
620,1B9DK-18-7.wav,18,person,1B9DK
621,1BBIY-18-1.wav,18,person,1BBIY
622,1BGZ0-18-1.wav,18,person,1BGZ0
623,1F706-18-2.wav,18,person,1F706
624,1FX8Q-18-1.wav,18,person,1FX8Q
625,1FX8Q-18-2.wav,18,person,1FX8Q
626,1FX8Q-18-3.wav,18,person,1FX8Q
627,1GGRY-18-1.wav,18,person,1GGRY
628,1GGRY-18-2.wav,18,person,1GGRY
629,1GGRY-18-3.wav,18,person,1GGRY
630,1GGRY-18-4.wav,18,person,1GGRY
631,1HYO4-18-1.wav,18,person,1HYO4
632,1HYO4-18-2.wav,18,person,1HYO4
633,1HYO4-18-3.wav,18,person,1HYO4
634,1HYO4-18-4.wav,18,person,1HYO4
635,1HYO4-18-5.wav,18,person,1HYO4
636,1HYO4-18-6.wav,18,person,1HYO4
637,1HYO4-18-7.wav,18,person,1HYO4
638,1HYO4-18-8.wav,18,person,1HYO4
639,1HYO4-18-9.wav,18,person,1HYO4
640,1HZGH-18-2.wav,18,person,1HZGH
641,1HZGH-18-3.wav,18,person,1HZGH
642,1LEE4-18-1.wav,18,person,1LEE4
643,1LEE4-18-2.wav,18,person,1LEE4
644,1NJOQ-18-1.wav,18,person,1NJOQ
645,1NJOQ-18-2.wav,18,person,1NJOQ
646,1O1JS-18-1.wav,18,person,1O1JS
647,1P7GJ-18-1.wav,18,person,1P7GJ
648,1QP1S-18-1.wav,18,person,1QP1S
649,1QP1S-18-2.wav,18,person,1QP1S
650,1QP1S-18-3.wav,18,person,1QP1S
651,1QP1S-18-4.wav,18,person,1QP1S
652,1QP1S-18-5.wav,18,person,1QP1S
653,1QP1S-18-6.wav,18,person,1QP1S
654,1QP1S-18-7.wav,18,person,1QP1S
655,1QP1S-18-8.wav,18,person,1QP1S
656,1QP1S-18-9.wav,18,person,1QP1S
657,1TIAK-18-1.wav,18,person,1TIAK
658,1TIAK-18-2.wav,18,person,1TIAK
659,1TZK5-18-1.wav,18,person,1TZK5
660,1VIQC-18-5.wav,18,person,1VIQC
661,1VIQC-18-2.wav,18,person,1VIQC
662,1VIQC-18-3.wav,18,person,1VIQC
663,1VIQC-18-4.wav,18,person,1VIQC
664,1W6YY-18-1.wav,18,person,1W6YY
665,1W6YY-18-2.wav,18,person,1W6YY
666,1W6YY-18-3.wav,18,person,1W6YY
667,1W6YY-18-4.wav,18,person,1W6YY
668,1W6YY-18-5.wav,18,person,1W6YY
669,1W6YY-18-6.wav,18,person,1W6YY
670,1W6YY-18-7.wav,18,person,1W6YY
671,1W6YY-18-8.wav,18,person,1W6YY
672,1W6YY-18-9.wav,18,person,1W6YY
673,1W6YY-18-10.wav,18,person,1W6YY
674,1W6ZK-18-1.wav,18,person,1W6ZK
675,1W6ZK-18-2.wav,18,person,1W6ZK
676,1W6ZK-18-3.wav,18,person,1W6ZK
677,1W6ZK-18-4.wav,18,person,1W6ZK
678,1XBU2-18-1.wav,18,person,1XBU2
679,1XBU2-18-2.wav,18,person,1XBU2
680,1XBU2-18-3.wav,18,person,1XBU2
681,1XOQ8-18-1.wav,18,person,1XOQ8
682,1XOQ8-18-2.wav,18,person,1XOQ8
683,1ZWPP-18-1.wav,18,person,1ZWPP
684,100U3-18-2.wav,18,person,100U3
685,106AY-18-1.wav,18,person,106AY
686,107YZ-18-1.wav,18,person,107YZ
687,10AEA-18-1.wav,18,person,10AEA
688,10AEA-18-2.wav,18,person,10AEA
689,10INO-18-1.wav,18,person,10INO
690,10J88-18-1.wav,18,person,10J88
691,10ND1-18-1.wav,18,person,10ND1
692,10ND1-18-2.wav,18,person,10ND1
693,10ND1-18-3.wav,18,person,10ND1
694,10ND1-18-4.wav,18,person,10ND1
695,10ND1-18-5.wav,18,person,10ND1
696,115MY-18-1.wav,18,person,115MY
697,11TTU-18-2.wav,18,person,11TTU
698,129SP-18-1.wav,18,person,129SP
699,129SP-18-2.wav,18,person,129SP
700,12N1H-18-2.wav,18,person,12N1H
701,12N1H-18-3.wav,18,person,12N1H
702,12N1H-18-4.wav,18,person,12N1H
703,12N1H-18-5.wav,18,person,12N1H
704,12N1H-18-6.wav,18,person,12N1H
705,12N1H-18-7.wav,18,person,12N1H
706,12N1H-18-8.wav,18,person,12N1H
707,12N1H-18-9.wav,18,person,12N1H
708,12N1H-18-10.wav,18,person,12N1H
709,12N1H-18-11.wav,18,person,12N1H
710,12VVC-18-1.wav,18,person,12VVC
711,1375X-18-2.wav,18,person,1375X
712,1375X-18-3.wav,18,person,1375X
713,13AUQ-18-1.wav,18,person,13AUQ
714,13MWT-18-1.wav,18,person,13MWT
715,13YII-18-2.wav,18,person,13YII
716,13YII-18-3.wav,18,person,13YII
717,144JW-18-2.wav,18,person,144JW
718,144JW-18-3.wav,18,person,144JW
719,144JW-18-4.wav,18,person,144JW
720,144JW-18-5.wav,18,person,144JW
721,144JW-18-6.wav,18,person,144JW
722,144JW-18-7.wav,18,person,144JW
723,144JW-18-8.wav,18,person,144JW
724,144JW-18-9.wav,18,person,144JW
725,14A2O-18-1.wav,18,person,14A2O
726,14A2O-18-2.wav,18,person,14A2O
727,14A2O-18-3.wav,18,person,14A2O
728,14A2O-18-4.wav,18,person,14A2O
729,14A2O-18-5.wav,18,person,14A2O
730,14A2O-18-6.wav,18,person,14A2O
731,1514T-18-2.wav,18,person,1514T
732,1514T-18-3.wav,18,person,1514T
733,151DU-18-1.wav,18,person,151DU
734,151DU-18-2.wav,18,person,151DU
735,151DU-18-3.wav,18,person,151DU
736,151DU-18-4.wav,18,person,151DU
737,15TWQ-18-1.wav,18,person,15TWQ
738,15TWQ-18-2.wav,18,person,15TWQ
739,15TWQ-18-3.wav,18,person,15TWQ
740,15TWQ-18-4.wav,18,person,15TWQ
741,16CWY-18-1.wav,18,person,16CWY
742,16CWY-18-2.wav,18,person,16CWY
743,16CWY-18-3.wav,18,person,16CWY
744,16CWY-18-4.wav,18,person,16CWY
745,16CWY-18-5.wav,18,person,16CWY
746,16CWY-18-6.wav,18,person,16CWY
747,16CWY-18-7.wav,18,person,16CWY
748,16CWY-18-8.wav,18,person,16CWY
749,16CWY-18-9.wav,18,person,16CWY
750,16CWY-18-10.wav,18,person,16CWY
751,16CWY-18-11.wav,18,person,16CWY
752,16D5O-18-1.wav,18,person,16D5O
753,16D5O-18-2.wav,18,person,16D5O
754,16IDQ-18-2.wav,18,person,16IDQ
755,16IDQ-18-3.wav,18,person,16IDQ
756,20LDB-18-1.wav,18,people,20LDB
757,2074D-18-2.wav,18,people,2074D
758,21E40-18-2.wav,18,people,2.10E+41
759,21E40-18-3.wav,18,people,2.10E+41
760,21MI8-18-1.wav,18,people,21MI8
761,21MI8-18-2.wav,18,people,21MI8
762,22A2G-18-1.wav,18,people,22A2G
763,22A2G-18-2.wav,18,people,22A2G
764,22ROE-18-1.wav,18,people,22ROE
765,229ZR-18-1.wav,18,people,229ZR
766,23X63-18-1.wav,18,people,23X63
767,24KQ5-18-1.wav,18,people,24KQ5
768,24SKP-18-1.wav,18,people,24SKP
769,16KTS-18-1.wav,18,person,16KTS
770,16WZF-18-2.wav,18,person,16WZF
771,170OQ-18-1.wav,18,person,170OQ
772,17AZ5-18-2.wav,18,person,17AZ5
773,0O36O-27-1.wav,27,floor,0O36O
774,0O36O-27-2.wav,27,floor,0O36O
775,0OMFD-27-1.wav,27,floor,0OMFD
776,0PA3N-27-1.wav,27,floor,0PA3N
777,0PA3N-27-2.wav,27,floor,0PA3N
778,0PCAF-27-1.wav,27,floor,0PCAF
779,0PGAD-27-1.wav,27,floor,0PGAD
780,0PSL4-27-1.wav,27,floor,0PSL4
781,0PSL4-27-2.wav,27,floor,0PSL4
782,0PSL4-27-3.wav,27,floor,0PSL4
783,0QA8P-27-1.wav,27,floor,0QA8P
784,0RJ18-27-1.wav,27,floor,0RJ18
785,0RJ18-27-2.wav,27,floor,0RJ18
786,0RSFD-27-1.wav,27,floor,0RSFD
787,0RSFD-27-2.wav,27,floor,0RSFD
788,0RSFD-27-3.wav,27,floor,0RSFD
789,0UFI4-27-1.wav,27,floor,0UFI4
790,0UFGC-27-1.wav,27,floor,0UFGC
791,0UFGC-27-2.wav,27,floor,0UFGC
792,0UFGC-27-3.wav,27,floor,0UFGC
793,0UFGC-27-4.wav,27,floor,0UFGC
794,0UBYY-27-1.wav,27,floor,0UBYY
795,0UBYY-27-2.wav,27,floor,0UBYY
796,0UBYY-27-3.wav,27,floor,0UBYY
797,0S9KN-27-1.wav,27,floor,0S9KN
798,0SE6A-27-1.wav,27,floor,0SE6A
799,0SXRS-27-1.wav,27,floor,0SXRS
800,0TQZQ-27-1.wav,27,floor,0TQZQ
801,0TXYV-27-1.wav,27,floor,0TXYV
802,0TDOP-27-1.wav,27,floor,0TDOP
803,0RNG6-27-1.wav,27,floor,0RNG6
804,0PU21-27-1.wav,27,floor,0PU21
805,0M0T4-27-1.wav,27,floor,0M0T4
806,0M0T4-27-2.wav,27,floor,0M0T4
807,0M0T4-27-3.wav,27,floor,0M0T4
808,0LDN3-27-2.wav,27,floor,0LDN3
809,0LDN3-27-3.wav,27,floor,0LDN3
810,0KZYF-27-1.wav,27,floor,0KZYF
811,0KZYF-27-2.wav,27,floor,0KZYF
812,0KZYF-27-3.wav,27,floor,0KZYF
813,0J471-27-1.wav,27,floor,0J471
814,0J471-27-2.wav,27,floor,0J471
815,0J471-27-3.wav,27,floor,0J471
816,11L5M-27-1.wav,27,floor,11L5M
817,11L5M-27-2.wav,27,floor,11L5M
818,11L5M-27-3.wav,27,floor,11L5M
819,1440M-27-1.wav,27,floor,1440M
820,150E6-27-1.wav,27,floor,1.50E+08
821,17LNN-27-1.wav,27,floor,17LNN
822,17LNN-27-2.wav,27,floor,17LNN
823,17LNN-27-3.wav,27,floor,17LNN
824,17LNN-27-4.wav,27,floor,17LNN
825,1BBIY-27-1.wav,27,floor,1BBIY
826,1BBIY-27-2.wav,27,floor,1BBIY
827,1BBIY-27-3.wav,27,floor,1BBIY
828,1BGZ0-27-1.wav,27,floor,1BGZ0
829,1BGZ0-27-2.wav,27,floor,1BGZ0
830,1F4JZ-27-1.wav,27,floor,1F4JZ
831,1F706-27-1.wav,27,floor,1F706
832,1GGRY-27-1.wav,27,floor,1GGRY
833,1GGRY-27-2.wav,27,floor,1GGRY
834,1KC11-27-1.wav,27,floor,1KC11
835,1KC11-27-2.wav,27,floor,1KC11
836,1NJOQ-27-1.wav,27,floor,1NJOQ
837,1P7GJ-27-1.wav,27,floor,1P7GJ
838,1P7GJ-27-2.wav,27,floor,1P7GJ
839,1P7GJ-27-3.wav,27,floor,1P7GJ
840,1P7GJ-27-4.wav,27,floor,1P7GJ
841,1W6YY-27-1.wav,27,floor,1W6YY
842,1W6ZK-27-1.wav,27,floor,1W6ZK
843,1ZWPP-27-1.wav,27,floor,1ZWPP
844,10J88-27-1.wav,27,floor,10J88
845,10J88-27-2.wav,27,floor,10J88
846,10J88-27-3.wav,27,floor,10J88
847,10LP3-27-1.wav,27,floor,10LP3
848,11HOM-27-1.wav,27,floor,11HOM
849,11TTU-27-1.wav,27,floor,11TTU
850,11TTU-27-2.wav,27,floor,11TTU
851,11TTU-27-3.wav,27,floor,11TTU
852,12T13-27-1.wav,27,floor,12T13
853,12T13-27-2.wav,27,floor,12T13
854,12T13-27-3.wav,27,floor,12T13
855,1375X-27-1.wav,27,floor,1375X
856,1375X-27-2.wav,27,floor,1375X
857,1375X-27-3.wav,27,floor,1375X
858,13IJA-27-1.wav,27,floor,13IJA
859,13MWT-27-1.wav,27,floor,13MWT
860,13MWT-27-2.wav,27,floor,13MWT
861,13YII-27-1.wav,27,floor,13YII
862,13YII-27-2.wav,27,floor,13YII
863,14JPP-27-1.wav,27,floor,14JPP
864,14TJT-27-1.wav,27,floor,14TJT
865,15OH5-27-1.wav,27,floor,15OH5
866,15OH5-27-2.wav,27,floor,15OH5
867,16D5O-27-1.wav,27,floor,16D5O
868,16D5O-27-2.wav,27,floor,16D5O
869,16IDQ-27-1.wav,27,floor,16IDQ
870,20LDB-27-1.wav,27,floor,20LDB
871,2074D-27-1.wav,27,floor,2074D
872,2074D-27-2.wav,27,floor,2074D
873,2074D-27-3.wav,27,floor,2074D
874,21E40-27-1.wav,27,floor,2.10E+41
875,21O5C-27-1.wav,27,floor,21O5C
876,23QFL-27-1.wav,27,floor,23QFL
877,23Y3I-27-1.wav,27,floor,23Y3I
878,23Y3I-27-2.wav,27,floor,23Y3I
879,23YS1-27-1.wav,27,floor,23YS1
880,23YS1-27-2.wav,27,floor,23YS1
881,23YS1-27-3.wav,27,floor,23YS1
882,23YS1-27-4.wav,27,floor,23YS1
883,24SKP-27-1.wav,27,floor,24SKP
884,16KTS-27-1.wav,27,floor,16KTS
885,16UNJ-27-1.wav,27,floor,16UNJ
886,16UNJ-27-2.wav,27,floor,16UNJ
887,16UNJ-27-3.wav,27,floor,16UNJ
888,16UNJ-27-4.wav,27,floor,16UNJ
889,16UNJ-27-5.wav,27,floor,16UNJ
890,16V9S-27-1.wav,27,floor,16V9S
891,16V9S-27-2.wav,27,floor,16V9S
892,16WZF-27-1.wav,27,floor,16WZF
893,16WZF-27-2.wav,27,floor,16WZF
894,17AZ5-27-1.wav,27,floor,17AZ5
895,17AZ5-27-2.wav,27,floor,17AZ5
896,18CTK-27-1.wav,27,floor,18CTK
897,18CTK-27-2.wav,27,floor,18CTK
898,18CTK-27-3.wav,27,floor,18CTK
899,18CTK-27-4.wav,27,floor,18CTK
900,18HFG-27-1.wav,27,floor,18HFG
901,19MUM-27-1.wav,27,floor,19MUM
902,19ZGX-27-1.wav,27,floor,19ZGX
903,19ZGX-27-2.wav,27,floor,19ZGX
904,19ZGX-27-3.wav,27,floor,19ZGX
905,1AR0K-27-1.wav,27,floor,1AR0K
906,1B2P0-27-1.wav,27,floor,1B2P0
907,1B2P0-27-2.wav,27,floor,1B2P0
908,1B9C8-27-1.wav,27,floor,1B9C8
909,1C6P3-27-1.wav,27,floor,1C6P3
910,1CITG-27-1.wav,27,floor,1CITG
911,1CITG-27-2.wav,27,floor,1CITG
912,1CITG-27-3.wav,27,floor,1CITG
913,1CITG-27-4.wav,27,floor,1CITG
914,1DGC9-27-1.wav,27,floor,1DGC9
915,1DGC9-27-2.wav,27,floor,1DGC9
916,1DGSW-27-1.wav,27,floor,1DGSW
917,1DGSW-27-2.wav,27,floor,1DGSW
918,1DGSW-27-3.wav,27,floor,1DGSW
919,1E1VE-27-1.wav,27,floor,1E1VE
920,1ELWC-27-1.wav,27,floor,1ELWC
921,1ELWC-27-2.wav,27,floor,1ELWC
922,00HFP-27-1.wav,27,floor,00HFP
923,1ERM9-27-1.wav,27,floor,1ERM9
924,1ERM9-27-2.wav,27,floor,1ERM9
925,1ERM9-27-3.wav,27,floor,1ERM9
926,1ESKX-27-1.wav,27,floor,1ESKX
927,1ESKX-27-2.wav,27,floor,1ESKX
928,1ESKX-27-3.wav,27,floor,1ESKX
929,1ESKX-27-4.wav,27,floor,1ESKX
930,1ESKX-27-5.wav,27,floor,1ESKX
931,1FPW9-27-1.wav,27,floor,1FPW9
932,1G9R7-27-1.wav,27,floor,1G9R7
933,1G9R7-27-2.wav,27,floor,1G9R7
934,1G9R7-27-3.wav,27,floor,1G9R7
935,1GQ73-27-1.wav,27,floor,1GQ73
936,1GQ73-27-2.wav,27,floor,1GQ73
937,1GQ73-27-3.wav,27,floor,1GQ73
938,1GQ73-27-4.wav,27,floor,1GQ73
939,1GQ73-27-5.wav,27,floor,1GQ73
940,1GQ73-27-6.wav,27,floor,1GQ73
941,1GQ73-27-7.wav,27,floor,1GQ73
942,1GQAJ-27-1.wav,27,floor,1GQAJ
943,1H6PS-27-1.wav,27,floor,1H6PS
944,1H6PS-27-2.wav,27,floor,1H6PS
945,1H6PS-27-3.wav,27,floor,1H6PS
946,1IJ7V-27-1.wav,27,floor,1IJ7V
947,1IJ7V-27-2.wav,27,floor,1IJ7V
948,1JGLR-27-1.wav,27,floor,1JGLR
949,1JGLR-27-2.wav,27,floor,1JGLR
950,1JGLR-27-3.wav,27,floor,1JGLR
951,1JGLR-27-4.wav,27,floor,1JGLR
952,1JGRO-27-1.wav,27,floor,1JGRO
953,1JGRO-27-2.wav,27,floor,1JGRO
954,1JH1W-27-1.wav,27,floor,1JH1W
955,1JH1W-27-2.wav,27,floor,1JH1W
956,1JH1W-27-3.wav,27,floor,1JH1W
957,1JH1W-27-4.wav,27,floor,1JH1W
958,1KFLX-27-1.wav,27,floor,1KFLX
959,1KJI0-27-1.wav,27,floor,1KJI0
960,1KJI0-27-2.wav,27,floor,1KJI0
961,1L2G1-27-1.wav,27,floor,1L2G1
962,1L7XE-27-1.wav,27,floor,1L7XE
963,1LARL-27-1.wav,27,floor,1LARL
964,1LARL-27-2.wav,27,floor,1LARL
965,1LKPL-27-1.wav,27,floor,1LKPL
966,1LKPL-27-2.wav,27,floor,1LKPL
967,1LZ53-27-1.wav,27,floor,1LZ53
968,1LZ53-27-2.wav,27,floor,1LZ53
969,1M8EE-27-1.wav,27,floor,1M8EE
970,1M8EE-27-2.wav,27,floor,1M8EE
971,1MU5L-27-1.wav,27,floor,1MU5L
972,1MU5L-27-2.wav,27,floor,1MU5L
973,1MZJF-27-1.wav,27,floor,1MZJF
974,1MZJF-27-2.wav,27,floor,1MZJF
975,1MZJF-27-3.wav,27,floor,1MZJF
976,1N1UT-27-1.wav,27,floor,1N1UT
977,1NT8P-27-1.wav,27,floor,1NT8P
978,1NT8P-27-2.wav,27,floor,1NT8P
979,1O6PH-27-1.wav,27,floor,1O6PH
980,1O6PH-27-2.wav,27,floor,1O6PH
981,1OF1O-27-1.wav,27,floor,1OF1O
982,1OIPY-27-1.wav,27,floor,1OIPY
983,1OVB8-27-1.wav,27,floor,1OVB8
984,1OVB8-27-2.wav,27,floor,1OVB8
985,1OVB8-27-3.wav,27,floor,1OVB8
986,1OVB8-27-4.wav,27,floor,1OVB8
987,1PB6T-27-1.wav,27,floor,1PB6T
988,1PB6T-27-2.wav,27,floor,1PB6T
989,1PILH-27-1.wav,27,floor,1PILH
990,1PILH-27-2.wav,27,floor,1PILH
991,1Q4P9-27-1.wav,27,floor,1Q4P9
992,1Q4P9-27-2.wav,27,floor,1Q4P9
993,1R9XW-27-1.wav,27,floor,1R9XW
994,1R9XW-27-2.wav,27,floor,1R9XW
995,1R9XW-27-3.wav,27,floor,1R9XW
996,1R9XW-27-4.wav,27,floor,1R9XW
997,1RNK6-27-1.wav,27,floor,1RNK6
998,1SCZE-27-1.wav,27,floor,1SCZE
999,1SCZE-27-2.wav,27,floor,1SCZE
1000,1SCZE-27-3.wav,27,floor,1SCZE
1001,1SCZE-27-4.wav,27,floor,1SCZE
1002,1SJQX-27-1.wav,27,floor,1SJQX
1003,1SLTT-27-1.wav,27,floor,1SLTT
1004,1SLTT-27-2.wav,27,floor,1SLTT
1005,1SMZZ-27-1.wav,27,floor,1SMZZ
1006,1SUIC-27-1.wav,27,floor,1SUIC
1007,1X0M3-27-1.wav,27,floor,1X0M3
1008,1X0M3-27-2.wav,27,floor,1X0M3
1009,1TAMK-27-3.wav,27,floor,1TAMK
1010,1TAMK-27-1.wav,27,floor,1TAMK
1011,1TAMK-27-2.wav,27,floor,1TAMK
1012,1U9TF-27-1.wav,27,floor ,1U9TF
1013,1U9TF-27-2.wav,27,floor ,1U9TF
1014,1UNXY-27-1.wav,27,floor ,1UNXY
1015,1UNXY-27-2.wav,27,floor ,1UNXY
1016,1UPHI-27-1.wav,27,floor ,1UPHI
1017,1X9A1-27-1.wav,27,floor,1X9A1
1018,1XK68-27-1.wav,27,floor,1XK68
1019,1XK68-27-2.wav,27,floor,1XK68
1020,1XK68-27-3.wav,27,floor,1XK68
1021,1XK68-27-4.wav,27,floor,1XK68
1022,1XK68-27-5.wav,27,floor,1XK68
1023,1YDCG-27-1.wav,27,floor,1YDCG
1024,1YDCG-27-2.wav,27,floor ,1YDCG
1025,1YDCG-27-3.wav,27,floor ,1YDCG
1026,1YDCG-27-4.wav,27,floor ,1YDCG
1027,1YSGI-27-1.wav,27,floor ,1YSGI
1028,1YTD7-27-1.wav,27,floor,1YTD7
1029,2443O-27-1.wav,27,floor,2443O
1030,25YVM-27-1.wav,27,floor,25YVM
1031,250SN-27-1.wav,27,floor,250SN
1032,250SN-27-2.wav,27,floor,250SN
1033,26RQN-27-1.wav,27,floor,26RQN
1034,27IOX-27-1.wav,27,floor,27IOX
1035,27IOX-27-2.wav,27,floor,27IOX
1036,275W0-27-1.wav,27,floor,275W0
1037,275W0-27-2.wav,27,floor,275W0
1038,28BVI-27-1.wav,27,floor,28BVI
1039,28BVI-27-2.wav,27,floor,28BVI
1040,28BVI-27-3.wav,27,floor,28BVI
1041,282ZZ-27-1.wav,27,floor,282ZZ
1042,282ZZ-27-2.wav,27,floor,282ZZ
1043,282ZZ-27-3.wav,27,floor,282ZZ
1044,02CYP-7-1.wav,7,television,02CYP
1045,07QNG-7-1.wav,7,television,07QNG
1046,0BZAD-7-1.wav,7,television,0BZAD
1047,0CGMQ-7-1.wav,7,television,0CGMQ
1048,0DBQD-7-1.wav,7,television,0DBQD
1049,0DY8C-7-1.wav,7,television,0DY8C
1050,0DY8C-7-2.wav,7,television,0DY8C
1051,0FJSU-7-1.wav,7,television,0FJSU
1052,0GH5O-7-1.wav,7,television,0GH5O
1053,0NM06-7-1.wav,7,television,0NM06
1054,0PKMF-7-1.wav,7,television,0PKMF
1055,0TKKR-7-1.wav,7,television,0TKKR
1056,0ZYII-7-1.wav,7,television,0ZYII
1057,113YU-7-1.wav,7,television,113YU
1058,1IYEW-7-1.wav,7,television,1IYEW
1059,2CR02-7-1.wav,7,television,2CR02
1060,32K2C-7-1.wav,7,television,32K2C
1061,32K2C-7-2.wav,7,television,32K2C
1062,32K2C-7-3.wav,7,television,32K2C
1063,32K2C-7-4.wav,7,television,32K2C
1064,320VL-7-1.wav,7,television,320VL
1065,386XM-7-1.wav,7,television,386XM
1066,386XM-7-2.wav,7,television,386XM
1067,3EYLH-7-1.wav,7,television,3EYLH
1068,3RSJV-7-1.wav,7,television,3RSJV
1069,3RSJV-7-2.wav,7,television,3RSJV
1070,3RSJV-7-3.wav,7,television,3RSJV
1071,3RSJV-7-4.wav,7,television,3RSJV
1072,3RSJV-7-5.wav,7,television,3RSJV
1073,3XH1V-7-1.wav,7,television,3XH1V
1074,485I1-7-1.wav,7,television,485I1
1075,4986V-7-1.wav,7,television,4986V
1076,4986V-7-2.wav,7,television,4986V
1077,4CHXK-7-1.wav,7,television,4CHXK
1078,4CHXK-7-2.wav,7,television,4CHXK
1079,4CHXK-7-3.wav,7,television,4CHXK
1080,4ISIX-7-1.wav,7,television,4ISIX
1081,4X5P6-7-1.wav,7,television,4X5P6
1082,4X5P6-7-2.wav,7,television,4X5P6
1083,4X5P6-7-3.wav,7,television,4X5P6
1084,4X5P6-7-4.wav,7,television,4X5P6
1085,4X5P6-7-5.wav,7,television,4X5P6
1086,4X5P6-7-6.wav,7,television,4X5P6
1087,4X5P6-7-7.wav,7,television,4X5P6
1088,5RPZA-7-1.wav,7,television,5RPZA
1089,5RPZA-7-2.wav,7,television,5RPZA
1090,5RPZA-7-3.wav,7,television,5RPZA
1091,55UAT-7-1.wav,7,television,55UAT
1092,55UAT-7-2.wav,7,television,55UAT
1093,55UAT-7-3.wav,7,television,55UAT
1094,55UAT-7-4.wav,7,television,55UAT
1095,55UAT-7-5.wav,7,television,55UAT
1096,55UAT-7-6.wav,7,television,55UAT
1097,55UAT-7-7.wav,7,television,55UAT
1098,55UAT-7-8.wav,7,television,55UAT
1099,55V6Z-7-1.wav,7,television,55V6Z
1100,55V6Z-7-2.wav,7,television,55V6Z
1101,55V6Z-7-3.wav,7,television,55V6Z
1102,55V6Z-7-4.wav,7,television,55V6Z
1103,55V6Z-7-5.wav,7,television,55V6Z
1104,55V6Z-7-6.wav,7,television,55V6Z
1105,55V6Z-7-7.wav,7,television,55V6Z
1106,58VZI-7-1.wav,7,television,58VZI
1107,58VZI-7-2.wav,7,television,58VZI
1108,58VZI-7-3.wav,7,television,58VZI
1109,58VZI-7-4.wav,7,television,58VZI
1110,58VZI-7-5.wav,7,television,58VZI
1111,58VZI-7-6.wav,7,television,58VZI
1112,5US4Z-7-1.wav,7,television,5US4Z
1113,5US4Z-7-2.wav,7,television,5US4Z
1114,5US4Z-7-3.wav,7,television,5US4Z
1115,5US4Z-7-4.wav,7,television,5US4Z
1116,5US4Z-7-5.wav,7,television,5US4Z
1117,6KG58-7-1.wav,7,television,6KG58
1118,6KG58-7-2.wav,7,television,6KG58
1119,7CBNR-7-1.wav,7,television,7CBNR
1120,7CBNR-7-2.wav,7,television,7CBNR
1121,7CBNR-7-3.wav,7,television,7CBNR
1122,7UV4O-7-1.wav,7,television,7UV4O
1123,7UV4O-7-2.wav,7,television,7UV4O
1124,7UV4O-7-3.wav,7,television,7UV4O
1125,7UV4O-7-4.wav,7,television,7UV4O
1126,7W66P-7-1.wav,7,television,7W66P
1127,7W66P-7-2.wav,7,television,7W66P
1128,7W66P-7-3.wav,7,television,7W66P
1129,7W66P-7-4.wav,7,television,7W66P
1130,7W66P-7-5.wav,7,television,7W66P
1131,7W66P-7-6.wav,7,television,7W66P
1132,7W66P-7-7.wav,7,television,7W66P
1133,7W66P-7-8.wav,7,television,7W66P
1134,7W66P-7-9.wav,7,television,7W66P
1135,0FJSU-7-2.wav,7,television,0FJSU
1136,0FJSU-7-3.wav,7,television,0FJSU
1137,0FJSU-7-4.wav,7,television,0FJSU
1138,0ZYII-7-2.wav,7,television,0ZYII
1139,0ZYII-7-3.wav,7,television,0ZYII
1140,0ZYII-7-4.wav,7,television,0ZYII
1141,0ZYII-7-5.wav,7,television,0ZYII
1142,0ZYII-7-6.wav,7,television,0ZYII
1143,0ZYII-7-7.wav,7,television,0ZYII
1144,0ZYII-7-8.wav,7,television,0ZYII
1145,0K0LP-7-1.wav,7,television,0K0LP
1146,0OUEP-7-1.wav,7,television,0OUEP
1147,0OUEP-7-2.wav,7,television,0OUEP
1148,0OUEP-7-3.wav,7,television,0OUEP
1149,0OUEP-7-4.wav,7,television,0OUEP
1150,0QES3-7-1.wav,7,television,0QES3
1151,0QES3-7-2.wav,7,television,0QES3
1152,0QES3-7-3.wav,7,television,0QES3
1153,0QES3-7-4.wav,7,television,0QES3
1154,0QES3-7-5.wav,7,television,0QES3
1155,0QES3-7-6.wav,7,television,0QES3
1156,0RP6B-7-1.wav,7,television,0RP6B
1157,0RP6B-7-2.wav,7,television,0RP6B
1158,0RP6B-7-3.wav,7,television,0RP6B
1159,0RP6B-7-4.wav,7,television,0RP6B
1160,0SE6A-7-1.wav,7,television,0SE6A
1161,0TKKR-7-2.wav,7,television,0TKKR
1162,0TKKR-7-3.wav,7,television,0TKKR
1163,0TKKR-7-4.wav,7,television,0TKKR
1164,0TKKR-7-5.wav,7,television,0TKKR
1165,0TKKR-7-6.wav,7,television,0TKKR
1166,10M0F-7-1.wav,7,television,10M0F
1167,10M0F-7-2.wav,7,television,10M0F
1168,10M0F-7-3.wav,7,television,10M0F
1169,10M0F-7-4.wav,7,television,10M0F
1170,10M0F-7-5.wav,7,television,10M0F
1171,10M0F-7-6.wav,7,television,10M0F
1172,10M0F-7-7.wav,7,television,10M0F
1173,115MY-7-1.wav,7,television,115MY
1174,115MY-7-2.wav,7,television,115MY
1175,115MY-7-3.wav,7,television,115MY
1176,129SP-7-1.wav,7,television,129SP
1177,129SP-7-2.wav,7,television,129SP
1178,129SP-7-3.wav,7,television,129SP
1179,129SP-7-4.wav,7,television,129SP
1180,129SP-7-5.wav,7,television,129SP
1181,129SP-7-6.wav,7,television,129SP
1182,129SP-7-7.wav,7,television,129SP
1183,129SP-7-8.wav,7,television,129SP
1184,13IOT-7-1.wav,7,television,13IOT
1185,13IOT-7-2.wav,7,television,13IOT
1186,13IOT-7-3.wav,7,television,13IOT
1187,15FVJ-7-1.wav,7,television,15FVJ
1188,15FVJ-7-2.wav,7,television,15FVJ
1189,15FVJ-7-3.wav,7,television,15FVJ
1190,15FVJ-7-4.wav,7,television,15FVJ
1191,15FVJ-7-5.wav,7,television,15FVJ
1192,16CWY-7-1.wav,7,television,16CWY
1193,16CWY-7-2.wav,7,television,16CWY
1194,16CWY-7-3.wav,7,television,16CWY
1195,16CWY-7-4.wav,7,television,16CWY
1196,16CWY-7-5.wav,7,television,16CWY
1197,16CWY-7-6.wav,7,television,16CWY
1198,16CWY-7-7.wav,7,television,16CWY
1199,16CWY-7-8.wav,7,television,16CWY
1200,16CWY-7-9.wav,7,television,16CWY
1201,20LDB-7-1.wav,7,television,20LDB
1202,215QU-7-1.wav,7,television,215QU
1203,215QU-7-2.wav,7,television,215QU
1204,24KQ5-7-1.wav,7,television,24KQ5
1205,24KQ5-7-2.wav,7,television,24KQ5
1206,17DOT-7-1.wav,7,television,17DOT
1207,17DOT-7-2.wav,7,television,17DOT
1208,17DOT-7-3.wav,7,television,17DOT
1209,17DOT-7-4.wav,7,television,17DOT
1210,17DOT-7-5.wav,7,television,17DOT
1211,19PNV-7-1.wav,7,television,19PNV
1212,19PNV-7-2.wav,7,television,19PNV
1213,19PNV-7-3.wav,7,television,19PNV
1214,19PNV-7-4.wav,7,television,19PNV
1215,19PNV-7-5.wav,7,television,19PNV
1216,19PNV-7-6.wav,7,television,19PNV
1217,19PNV-7-7.wav,7,television,19PNV
1218,19PNV-7-8.wav,7,television,19PNV
1219,19ZJB-7-1.wav,7,television,19ZJB
1220,19ZJB-7-2.wav,7,television,19ZJB
1221,19ZJB-7-3.wav,7,television,19ZJB
1222,19ZJB-7-4.wav,7,television,19ZJB
1223,19ZJB-7-5.wav,7,television,19ZJB
1224,1BUFQ-7-1.wav,7,television,1BUFQ
1225,1BUFQ-7-2.wav,7,television,1BUFQ
1226,1BUFQ-7-3.wav,7,television,1BUFQ
1227,1BUFQ-7-4.wav,7,television,1BUFQ
1228,1BUFQ-7-5.wav,7,television,1BUFQ
1229,1BUFQ-7-6.wav,7,television,1BUFQ
1230,1BUFQ-7-7.wav,7,television,1BUFQ
1231,1BUFQ-7-8.wav,7,television,1BUFQ
1232,1BUFQ-7-9.wav,7,television,1BUFQ
1233,1BUFQ-7-10.wav,7,television,1BUFQ
1234,1BUFQ-7-11.wav,7,television,1BUFQ
1235,1BVUA-7-1.wav,7,television,1BVUA
1236,1BVUA-7-2.wav,7,television,1BVUA
1237,1BVUA-7-3.wav,7,television,1BVUA
1238,1BVUA-7-4.wav,7,television,1BVUA
1239,1BVUA-7-5.wav,7,television,1BVUA
1240,1BVUA-7-6.wav,7,television,1BVUA
1241,1BVUA-7-7.wav,7,television,1BVUA
1242,1BXYR-7-1.wav,7,television,1BXYR
1243,1BXYR-7-2.wav,7,television,1BXYR
1244,1GKWJ-7-1.wav,7,television,1GKWJ
1245,1GKWJ-7-2.wav,7,television,1GKWJ
1246,1IPYC-7-1.wav,7,television,1IPYC
1247,1IPYC-7-2.wav,7,television,1IPYC
1248,1IPYC-7-3.wav,7,television,1IPYC
1249,1IPYC-7-4.wav,7,television,1IPYC
1250,1IPYC-7-5.wav,7,television,1IPYC
1251,1IPYC-7-6.wav,7,television,1IPYC
1252,1IPYC-7-7.wav,7,television,1IPYC
1253,1IPYC-7-8.wav,7,television,1IPYC
1254,1IPYC-7-9.wav,7,television,1IPYC
1255,1IYEW-7-2.wav,7,television,1IYEW
1256,1IYEW-7-3.wav,7,television,1IYEW
1257,1IYEW-7-4.wav,7,television,1IYEW
1258,1IYEW-7-5.wav,7,television,1IYEW
1259,1IYEW-7-6.wav,7,television,1IYEW
1260,1IYEW-7-7.wav,7,television,1IYEW
1261,1IYEW-7-8.wav,7,television,1IYEW
1262,1JGRO-7-1.wav,7,television,1JGRO
1263,1JGRO-7-2.wav,7,television,1JGRO
1264,1JGRO-7-3.wav,7,television,1JGRO
1265,1JGRO-7-4.wav,7,television,1JGRO
1266,1L376-7-1.wav,7,television,1L376
1267,1L376-7-2.wav,7,television,1L376
1268,1L376-7-3.wav,7,television,1L376
1269,1M89F-7-1.wav,7,television,1M89F
1270,1M89F-7-2.wav,7,television,1M89F
1271,1M89F-7-3.wav,7,television,1M89F
1272,1M89F-7-4.wav,7,television,1M89F
1273,1M89F-7-5.wav,7,television,1M89F
1274,3IPI3-2-2.wav,2,cup_glass_bottle,3IPI3
1275,3NKHT-2-1.wav,2,cup_glass_bottle,3NKHT
1276,30JQT-2-1.wav,2,cup_glass_bottle,30JQT
1277,36VYU-2-1.wav,2,cup_glass_bottle,36VYU
1278,3731F-2-1.wav,2,cup_glass_bottle,3731F
1279,3AHLN-2-1.wav,2,cup_glass_bottle,3AHLN
1280,3FEYY-2-1.wav,2,cup_glass_bottle,3FEYY
1281,3H1EA-2-1.wav,2,cup_glass_bottle,3H1EA
1282,3H1EA-2-2.wav,2,cup_glass_bottle,3H1EA
1283,3H1EA-2-3.wav,2,cup_glass_bottle,3H1EA
1284,3LLXX-2-1.wav,2,cup_glass_bottle,3LLXX
1285,3LLXX-2-2.wav,2,cup_glass_bottle,3LLXX
1286,3MWAY-2-1.wav,2,cup_glass_bottle,3MWAY
1287,3WAWR-2-1.wav,2,cup_glass_bottle,3WAWR
1288,3WAWR-2-2.wav,2,cup_glass_bottle,3WAWR
1289,3YC35-2-1.wav,2,cup_glass_bottle,3YC35
1290,3YVPG-2-1.wav,2,cup_glass_bottle,3YVPG
1291,4021D-2-1.wav,2,cup_glass_bottle,4021D
1292,469E8-2-1.wav,2,cup_glass_bottle,4.69E+10
1293,4713W-2-1.wav,2,cup_glass_bottle,4713W
1294,4BSR0-2-1.wav,2,cup_glass_bottle,4BSR0
1295,4BSR0-2-2.wav,2,cup_glass_bottle,4BSR0
1296,4FAWP-2-1.wav,2,cup_glass_bottle,4FAWP
1297,4G00A-2-1.wav,2,cup_glass_bottle,4G00A
1298,4I00F-2-1.wav,2,cup_glass_bottle,4I00F
1299,4JKLQ-2-1.wav,2,cup_glass_bottle,4JKLQ
1300,4RBVB-2-1.wav,2,cup_glass_bottle,4RBVB
1301,4UW2K-2-1.wav,2,cup_glass_bottle,4UW2K
1302,51RLB-2-1.wav,2,cup_glass_bottle,51RLB
1303,5DFKT-2-1.wav,2,cup_glass_bottle,5DFKT
1304,5NG6Q-2-1.wav,2,cup_glass_bottle,5NG6Q
1305,53FPM-2-1.wav,2,cup_glass_bottle,53FPM
1306,55FRY-2-1.wav,2,cup_glass_bottle,55FRY
1307,5AM4C-2-1.wav,2,cup_glass_bottle,5AM4C
1308,5GITI-2-1.wav,2,cup_glass_bottle,5GITI
1309,5LTLL-2-1.wav,2,cup_glass_bottle,5LTLL
1310,5LTLL-2-2.wav,2,cup_glass_bottle,5LTLL
1311,5OCXJ-2-1.wav,2,cup_glass_bottle,5OCXJ
1312,5OLVC-2-1.wav,2,cup_glass_bottle,5OLVC
1313,5T9CK-2-1.wav,2,cup_glass_bottle,5T9CK
1314,5UUEP-2-1.wav,2,cup_glass_bottle,5UUEP
1315,64SL1-2-1.wav,2,cup_glass_bottle,64SL1
1316,6703W-2-1.wav,2,cup_glass_bottle,6703W
1317,6703W-2-2.wav,2,cup_glass_bottle,6703W
1318,6AHBW-2-1.wav,2,cup_glass_bottle,6AHBW
1319,7NXWU-2-1.wav,2,cup_glass_bottle,7NXWU
1320,73NG4-2-1.wav,2,cup_glass_bottle,73NG4
1321,74DPG-2-1.wav,2,cup_glass_bottle,74DPG
1322,74DPG-2-2.wav,2,cup_glass_bottle,74DPG
1323,7EHQU-2-1.wav,2,cup_glass_bottle,7EHQU
1324,7FAB3-2-1.wav,2,cup_glass_bottle,7FAB3
1325,7FAB3-2-2.wav,2,cup_glass_bottle,7FAB3
1326,7FAB3-2-3.wav,2,cup_glass_bottle,7FAB3
1327,7FTBS-2-1.wav,2,cup_glass_bottle,7FTBS
1328,7FTBS-2-2.wav,2,cup_glass_bottle,7FTBS
1329,7FTBS-2-3.wav,2,cup_glass_bottle,7FTBS
1330,7FTBS-2-4.wav,2,cup_glass_bottle,7FTBS
1331,7UGF7-2-1.wav,2,cup_glass_bottle,7UGF7
1332,7WIKW-2-1.wav,2,cup_glass_bottle,7WIKW
1333,7XVS7-2-1.wav,2,cup_glass_bottle,7XVS7
1334,03AA8-2-1.wav,2,cup_glass_bottle,03AA8
1335,0BXRP-2-1.wav,2,cup_glass_bottle,0BXRP
1336,0D5JP-2-1.wav,2,cup_glass_bottle,0D5JP
1337,0DDYA-2-1.wav,2,cup_glass_bottle,0DDYA
1338,0IKE9-2-2.wav,2,cup_glass_bottle,0IKE9
1339,004QE-2-1.wav,2,cup_glass_bottle,004QE
1340,004QE-2-2.wav,2,cup_glass_bottle,004QE
1341,004QE-2-3.wav,2,cup_glass_bottle,004QE
1342,06L9P-2-1.wav,2,cup_glass_bottle,06L9P
1343,0Y8H0-2-1.wav,2,cup_glass_bottle,0Y8H0
1344,0Y8H0-2-2.wav,2,cup_glass_bottle,0Y8H0
1345,0Y19Q-2-3.wav,2,cup_glass_bottle,0Y19Q
1346,0Y19Q-2-1.wav,2,cup_glass_bottle,0Y19Q
1347,0Y19Q-2-2.wav,2,cup_glass_bottle,0Y19Q
1348,0J5T4-2-2.wav,2,cup_glass_bottle,0J5T4
1349,0J5T4-2-3.wav,2,cup_glass_bottle,0J5T4
1350,0JJIY-2-1.wav,2,cup_glass_bottle,0JJIY
1351,0XV4T-2-1.wav,2,cup_glass_bottle,0XV4T
1352,0XV4T-2-2.wav,2,cup_glass_bottle,0XV4T
1353,0XRD1-2-1.wav,2,cup_glass_bottle,0XRD1
1354,0W39H-2-2.wav,2,cup_glass_bottle,0W39H
1355,0W39H-2-3.wav,2,cup_glass_bottle,0W39H
1356,0W39H-2-4.wav,2,cup_glass_bottle,0W39H
1357,0NFT7-2-1.wav,2,cup_glass_bottle,0NFT7
1358,0NZVB-2-1.wav,2,cup_glass_bottle,0NZVB
1359,0O022-2-1.wav,2,cup_glass_bottle,0O022
1360,0TIHC-2-1.wav,2,cup_glass_bottle,0TIHC
1361,0TIHC-2-2.wav,2,cup_glass_bottle,0TIHC
1362,0TIHC-2-3.wav,2,cup_glass_bottle,0TIHC
1363,0TJ7G-2-2.wav,2,cup_glass_bottle,0TJ7G
1364,0TXYV-2-1.wav,2,cup_glass_bottle,0TXYV
1365,0TXYV-2-2.wav,2,cup_glass_bottle,0TXYV
1366,0PVKV-2-3.wav,2,cup_glass_bottle,0PVKV
1367,0PVKV-2-4.wav,2,cup_glass_bottle,0PVKV
1368,0PVKV-2-5.wav,2,cup_glass_bottle,0PVKV
1369,0KTWY-2-2.wav,2,cup_glass_bottle,0KTWY
1370,0KTWY-2-3.wav,2,cup_glass_bottle,0KTWY
1371,1E1EN-2-1.wav,2,cup_glass_bottle,1E1EN
1372,1O1JS-2-1.wav,2,cup_glass_bottle,1O1JS
1373,1VF27-2-1.wav,2,cup_glass_bottle,1VF27
1374,10INO-2-1.wav,2,cup_glass_bottle,10INO
1375,10INO-2-2.wav,2,cup_glass_bottle,10INO
1376,11TTU-2-2.wav,2,cup_glass_bottle,11TTU
1377,11TTU-2-3.wav,2,cup_glass_bottle,11TTU
1378,11TTU-2-4.wav,2,cup_glass_bottle,11TTU
1379,13YII-2-1.wav,2,cup_glass_bottle,13YII
1380,201W8-2-1.wav,2,cup_glass_bottle,201W8
1381,22ROE-2-1.wav,2,cup_glass_bottle,22ROE
1382,22ROE-2-2.wav,2,cup_glass_bottle,22ROE
1383,16KTS-2-1.wav,2,cup_glass_bottle,16KTS
1384,19MUM-2-1.wav,2,cup_glass_bottle,19MUM
1385,19MUM-2-2.wav,2,cup_glass_bottle,19MUM
1386,19MUM-2-3.wav,2,cup_glass_bottle,19MUM
1387,19ZGX-2-1.wav,2,cup_glass_bottle,19ZGX
1388,24B2K-2-1.wav,2,cup_glass_bottle,24B2K
1389,24B2K-2-2.wav,2,cup_glass_bottle,24B2K
1390,1FA5M-2-1.wav,2,cup_glass_bottle,1FA5M
1391,1FA5M-2-2.wav,2,cup_glass_bottle,1FA5M
1392,1FA5M-2-3.wav,2,cup_glass_bottle,1FA5M
1393,1FA5M-2-4.wav,2,cup_glass_bottle,1FA5M
1394,1G90H-2-1.wav,2,cup_glass_bottle,1G90H
1395,1G90H-2-2.wav,2,cup_glass_bottle,1G90H
1396,1G90H-2-3.wav,2,cup_glass_bottle,1G90H
1397,1G90H-2-4.wav,2,cup_glass_bottle,1G90H
1398,1G9R7-2-2.wav,2,cup_glass_bottle,1G9R7
1399,1G9R7-2-1.wav,2,cup_glass_bottle,1G9R7
1400,1G9R7-2-3.wav,2,cup_glass_bottle,1G9R7
1401,1IJ7V-2-2.wav,2,cup_glass_bottle,1IJ7V
1402,1L376-2-1.wav,2,cup_glass_bottle,1L376
1403,1LSEQ-2-1.wav,2,cup_glass_bottle,1LSEQ
1404,1Q4SL-2-1.wav,2,cup_glass_bottle,1Q4SL
1405,1ROX7-2-2.wav,2,cup_glass_bottle,1ROX7
1406,1SMZZ-2-1.wav,2,cup_glass_bottle,1SMZZ
1407,1X0M3-2-2.wav,2,cup_glass_bottle,1X0M3
1408,1X0M3-2-3.wav,2,cup_glass_bottle,1X0M3
1409,1X0M3-2-4.wav,2,cup_glass_bottle,1X0M3
1410,1X0M3-2-5.wav,2,cup_glass_bottle,1X0M3
1411,1X0M3-2-6.wav,2,cup_glass_bottle,1X0M3
1412,1TGKL-2-2.wav,2,cup_glass_bottle,1TGKL
1413,1TGKL-2-1.wav,2,cup_glass_bottle,1TGKL
1414,1TWH6-2-1.wav,2,cup_glass_bottle,1TWH6
1415,1WI77-2-1.wav,2,cup_glass_bottle,1WI77
1416,1WWJZ-2-1.wav,2,cup_glass_bottle,1WWJZ
1417,1WWJZ-2-2.wav,2,cup_glass_bottle,1WWJZ
1418,1WWJZ-2-3.wav,2,cup_glass_bottle,1WWJZ
1419,1WWJZ-2-4.wav,2,cup_glass_bottle,1WWJZ
1420,1WWJZ-2-5.wav,2,cup_glass_bottle,1WWJZ
1421,1WWJZ-2-6.wav,2,cup_glass_bottle,1WWJZ
1422,1XFP6-2-1.wav,2,cup_glass_bottle,1XFP6
1423,1XFP6-2-2.wav,2,cup_glass_bottle,1XFP6
1424,1XFP6-2-3.wav,2,cup_glass_bottle,1XFP6
1425,29B3I-2-1.wav,2,cup_glass_bottle,29B3I
1426,2544C-2-1.wav,2,cup_glass_bottle,2544C
1427,28BVI-2-2.wav,2,cup_glass_bottle,28BVI
1428,28BVI-2-3.wav,2,cup_glass_bottle,28BVI
1429,28BVI-2-4.wav,2,cup_glass_bottle,28BVI
1430,28BVI-2-5.wav,2,cup_glass_bottle,28BVI
1431,28D7L-2-1.wav,2,cup_glass_bottle,28D7L
1432,28D7L-2-2.wav,2,cup_glass_bottle,28D7L
1433,00HFP-1-1.wav,1,shoe,00HFP
1434,0M9ZO-1-1.wav,1,shoe,0M9ZO
1435,0NVG2-1-1.wav,1,shoe,0NVG2
1436,0PA3N-1-1.wav,1,shoe,0PA3N
1437,0QA8P-1-1.wav,1,shoe,0QA8P
1438,106AY-1-1.wav,1,shoe,106AY
1439,106AY-1-2.wav,1,shoe,106AY
1440,136V6-1-1.wav,1,shoe,136V6
1441,1MZJF-1-1.wav,1,shoe,1MZJF
1442,250SN-1-1.wav,1,shoe,250SN
1443,282ZZ-1-1.wav,1,shoe,282ZZ
1444,29C6X-1-1.wav,1,shoe,29C6X
1445,29C6X-1-2.wav,1,shoe,29C6X
1446,2DDGF-1-1.wav,1,shoe,2DDGF
1447,2EPFZ-1-1.wav,1,shoe,2EPFZ
1448,2FL0X-1-1.wav,1,shoe,2FL0X
1449,2ODLD-1-1.wav,1,shoe,2ODLD
1450,2X2C5-1-1.wav,1,shoe,2X2C5
1451,2YXJO-1-1.wav,1,shoe,2YXJO
1452,2ZFNL-1-1.wav,1,shoe,2ZFNL
1453,2ZFNL-1-2.wav,1,shoe,2ZFNL
1454,2AG8W-1-1.wav,1,shoe,2AG8W
1455,3588V-1-1.wav,1,shoe,3588V
1456,3W1GP-1-1.wav,1,shoe,3W1GP
1457,38TA9-1-1.wav,1,shoe,38TA9
1458,3A400-1-1.wav,1,shoe,3A400
1459,45BIP-1-1.wav,1,shoe,45BIP
1460,46Z16-1-1.wav,1,shoe,46Z16
1461,4CV3F-1-1.wav,1,shoe,4CV3F
1462,4D7GX-1-1.wav,1,shoe,4D7GX
1463,4D7GX-1-2.wav,1,shoe,4D7GX
1464,4NRPM-1-1.wav,1,shoe,4NRPM
1465,4BIMI-1-1.wav,1,shoe,4BIMI
1466,5TKIB-1-1.wav,1,shoe,5TKIB
1467,511OL-1-1.wav,1,shoe,511OL
1468,511OL-1-2.wav,1,shoe,511OL
1469,511OL-1-3.wav,1,shoe,511OL
1470,539EH-1-1.wav,1,shoe,539EH
1471,5D351-1-1.wav,1,shoe,5D351
1472,5E8IN-1-1.wav,1,shoe,5E8IN
1473,5GK8W-1-1.wav,1,shoe,5GK8W
1474,5YA6D-1-1.wav,1,shoe,5YA6D
1475,5YA6D-1-2.wav,1,shoe,5YA6D
1476,646CU-1-1.wav,1,shoe,646CU
1477,646CU-1-2.wav,1,shoe,646CU
1478,646CU-1-3.wav,1,shoe,646CU
1479,6ZWSU-1-1.wav,1,shoe,6ZWSU
1480,6ZWSU-1-2.wav,1,shoe,6ZWSU
1481,7NXWU-1-1.wav,1,shoe,7NXWU
1482,7N4TW-1-1.wav,1,shoe,7N4TW
1483,0HV07-1-1.wav,1,shoe,0HV07
1484,03XSP-1-1.wav,1,shoe,03XSP
1485,0DAO5-1-1.wav,1,shoe,0DAO5
1486,0DDYA-1-1.wav,1,shoe,0DDYA
1487,0DDYA-1-2.wav,1,shoe,0DDYA
1488,00T1E-1-1.wav,1,shoe,00T1E
1489,0J1AQ-1-1.wav,1,shoe,0J1AQ
1490,0J1AQ-1-2.wav,1,shoe,0J1AQ
1491,0J1AQ-1-3.wav,1,shoe,0J1AQ
1492,0JA9E-1-1.wav,1,shoe,0JA9E
1493,0VQQL-1-1.wav,1,shoe,0VQQL
1494,0VQQL-1-2.wav,1,shoe,0VQQL
1495,0NVG2-1-2.wav,1,shoe,0NVG2
1496,0QA8P-1-2.wav,1,shoe,0QA8P
1497,0R4UI-1-1.wav,1,shoe,0R4UI
1498,0UFI4-1-1.wav,1,shoe,0UFI4
1499,0UFI4-1-2.wav,1,shoe,0UFI4
1500,0UFI4-1-3.wav,1,shoe,0UFI4
1501,0UFI4-1-4.wav,1,shoe,0UFI4
1502,0UFI4-1-5.wav,1,shoe,0UFI4
1503,0UFI4-1-6.wav,1,shoe,0UFI4
1504,0UFI4-1-7.wav,1,shoe,0UFI4
1505,0UFI4-1-8.wav,1,shoe,0UFI4
1506,0UFI4-1-9.wav,1,shoe,0UFI4
1507,0TDOP-1-1.wav,1,shoe,0TDOP
1508,0M0T4-1-1.wav,1,shoe,0M0T4
1509,0M0T4-1-2.wav,1,shoe,0M0T4
1510,0M0T4-1-3.wav,1,shoe,0M0T4
1511,13IS9-1-1.wav,1,shoe,13IS9
1512,1HZGH-1-1.wav,1,shoe,1HZGH
1513,1HZGH-1-2.wav,1,shoe,1HZGH
1514,1XOQ8-1-1.wav,1,shoe,1XOQ8
1515,1XOQ8-1-2.wav,1,shoe,1XOQ8
1516,1XOQ8-1-3.wav,1,shoe,1XOQ8
1517,13IJA-1-1.wav,1,shoe,13IJA
1518,13IJA-1-2.wav,1,shoe,13IJA
1519,13IJA-1-3.wav,1,shoe,13IJA
1520,13IJA-1-4.wav,1,shoe,13IJA
1521,13IJA-1-5.wav,1,shoe,13IJA
1522,13MWT-1-1.wav,1,shoe,13MWT
1523,1B2P0-1-1.wav,1,shoe,1B2P0
1524,1D2OX-1-1.wav,1,shoe,1D2OX
1525,1D2OX-1-2.wav,1,shoe,1D2OX
1526,00HFP-1-2.wav,1,shoe,00HFP
1527,00HFP-1-3.wav,1,shoe,00HFP
1528,00HFP-1-4.wav,1,shoe,00HFP
1529,00HFP-1-5.wav,1,shoe,00HFP
1530,00HFP-1-6.wav,1,shoe,00HFP
1531,3YQE2-5-5.wav,5,vacuum,3YQE2
1532,3A4PE-5-1.wav,5,vacuum,3A4PE
1533,3A4PE-5-2.wav,5,vacuum,3A4PE
1534,3A4PE-5-3.wav,5,vacuum,3A4PE
1535,3A4PE-5-4.wav,5,vacuum,3A4PE
1536,3A4PE-5-5.wav,5,vacuum,3A4PE
1537,4HFN2-5-1.wav,5,vacuum,4HFN2
1538,4HFN2-5-2.wav,5,vacuum,4HFN2
1539,4HFN2-5-3.wav,5,vacuum,4HFN2
1540,5P0ON-5-1.wav,5,vacuum,5P0ON
1541,5P0ON-5-2.wav,5,vacuum,5P0ON
1542,5QUSB-5-1.wav,5,vacuum,5QUSB
1543,5QUSB-5-2.wav,5,vacuum,5QUSB
1544,5QUSB-5-3.wav,5,vacuum,5QUSB
1545,5QUSB-5-4.wav,5,vacuum,5QUSB
1546,5QUSB-5-5.wav,5,vacuum,5QUSB
1547,5QUSB-5-6.wav,5,vacuum,5QUSB
1548,5QUSB-5-7.wav,5,vacuum,5QUSB
1549,5QUSB-5-8.wav,5,vacuum,5QUSB
1550,5T9CK-5-1.wav,5,vacuum,5T9CK
1551,5T9CK-5-2.wav,5,vacuum,5T9CK
1552,5T9CK-5-3.wav,5,vacuum,5T9CK
1553,5T9CK-5-4.wav,5,vacuum,5T9CK
1554,6KI0S-5-1.wav,5,vacuum,6KI0S
1555,6KI0S-5-2.wav,5,vacuum,6KI0S
1556,6IL0C-5-1.wav,5,vacuum,6IL0C
1557,6IL0C-5-2.wav,5,vacuum,6IL0C
1558,74Q66-5-1.wav,5,vacuum,74Q66
1559,74Q66-5-2.wav,5,vacuum,74Q66
1560,74Q66-5-3.wav,5,vacuum,74Q66
1561,74Q66-5-4.wav,5,vacuum,74Q66
1562,74Q66-5-5.wav,5,vacuum,74Q66
1563,74Q66-5-6.wav,5,vacuum,74Q66
1564,74Q66-5-7.wav,5,vacuum,74Q66
1565,74Q66-5-8.wav,5,vacuum,74Q66
1566,76R37-5-1.wav,5,vacuum,76R37
1567,76R37-5-2.wav,5,vacuum,76R37
1568,76R37-5-3.wav,5,vacuum,76R37
1569,76R37-5-4.wav,5,vacuum,76R37
1570,7AH3L-5-1.wav,5,vacuum,7AH3L
1571,7AH3L-5-2.wav,5,vacuum,7AH3L
1572,7AH3L-5-3.wav,5,vacuum,7AH3L
1573,7FOBX-5-1.wav,5,vacuum,7FOBX
1574,7FOBX-5-2.wav,5,vacuum,7FOBX
1575,7FOBX-5-3.wav,5,vacuum,7FOBX
1576,7FOBX-5-4.wav,5,vacuum,7FOBX
1577,7FOBX-5-5.wav,5,vacuum,7FOBX
1578,0DVVD-5-1.wav,5,vacuum,0DVVD
1579,0DVVD-5-2.wav,5,vacuum,0DVVD
1580,0DVVD-5-3.wav,5,vacuum,0DVVD
1581,0DVVD-5-4.wav,5,vacuum,0DVVD
1582,028CE-5-1.wav,5,vacuum,028CE
1583,069GJ-5-1.wav,5,vacuum,069GJ
1584,069GJ-5-2.wav,5,vacuum,069GJ
1585,07BSH-5-2.wav,5,vacuum,07BSH
1586,07BSH-5-3.wav,5,vacuum,07BSH
1587,07BSH-5-4.wav,5,vacuum,07BSH
1588,0JP8Q-5-1.wav,5,vacuum,0JP8Q
1589,0JP8Q-5-2.wav,5,vacuum,0JP8Q
1590,0JP8Q-5-3.wav,5,vacuum,0JP8Q
1591,0JP8Q-5-4.wav,5,vacuum,0JP8Q
1592,0PGAD-5-1.wav,5,vacuum,0PGAD
1593,0RDVJ-5-1.wav,5,vacuum,0RDVJ
1594,0RI7C-5-1.wav,5,vacuum,0RI7C
1595,0RI7C-5-2.wav,5,vacuum,0RI7C
1596,0RI7C-5-3.wav,5,vacuum,0RI7C
1597,0USFX-5-1.wav,5,vacuum,0USFX
1598,0USFX-5-2.wav,5,vacuum,0USFX
1599,1RB92-5-1.wav,5,vacuum,1RB92
1600,1RB92-5-2.wav,5,vacuum,1RB92
1601,1RB92-5-3.wav,5,vacuum,1RB92
1602,1RB92-5-4.wav,5,vacuum,1RB92
1603,1RB92-5-5.wav,5,vacuum,1RB92
1604,1RB92-5-6.wav,5,vacuum,1RB92
1605,1RB92-5-7.wav,5,vacuum,1RB92
1606,1RB92-5-8.wav,5,vacuum,1RB92
1607,1RB92-5-9.wav,5,vacuum,1RB92
1608,1RHDP-5-1.wav,5,vacuum,1RHDP
1609,1RHDP-5-2.wav,5,vacuum,1RHDP
1610,1RHDP-5-3.wav,5,vacuum,1RHDP
1611,1RHDP-5-4.wav,5,vacuum,1RHDP
1612,1T3B4-5-1.wav,5,vacuum,1T3B4
1613,1T3B4-5-2.wav,5,vacuum,1T3B4
1614,1T3B4-5-3.wav,5,vacuum,1T3B4
1615,1T3B4-5-4.wav,5,vacuum,1T3B4
1616,1T3B4-5-5.wav,5,vacuum,1T3B4
1617,1T3B4-5-6.wav,5,vacuum,1T3B4
1618,1T3B4-5-7.wav,5,vacuum,1T3B4
1619,1T3B4-5-8.wav,5,vacuum,1T3B4
1620,1T3B4-5-9.wav,5,vacuum,1T3B4
1621,1U9TF-5-1.wav,5,vacuum,1U9TF
1622,1U9TF-5-2.wav,5,vacuum,1U9TF
1623,1WEDJ-5-1.wav,5,vacuum,1WEDJ
1624,1WEDJ-5-2.wav,5,vacuum,1WEDJ
1625,1WEDJ-5-3.wav,5,vacuum,1WEDJ
1626,06NUT-13-1.wav,13,bag,06NUT
1627,09AT0-13-1.wav,13,bag,09AT0
1628,0BX9N-13-1.wav,13,bag,0BX9N
1629,0BX9N-13-2.wav,13,bag,0BX9N
1630,0BXRP-13-1.wav,13,bag,0BXRP
1631,0BXRP-13-2.wav,13,bag,0BXRP
1632,0ETKN-13-1.wav,13,bag,0ETKN
1633,0GYRH-13-1.wav,13,bag,0GYRH
1634,0RSFD-13-1.wav,13,bag,0RSFD
1635,0SXRS-13-1.wav,13,bag,0SXRS
1636,0USFX-13-1.wav,13,bag,0USFX
1637,0VOQC-13-1.wav,13,bag,0VOQC
1638,120YL-13-1.wav,13,bag,120YL
1639,1375X-13-1.wav,13,bag,1375X
1640,13AUQ-13-1.wav,13,bag,13AUQ
1641,1440M-13-1.wav,13,bag,1440M
1642,1K0GV-13-1.wav,13,bag,1K0GV
1643,1X0M3-13-1.wav,13,bag,1X0M3
1644,1ZBUS-13-1.wav,13,bag,1ZBUS
1645,268ET-13-1.wav,13,bag,268ET
1646,287ST-13-1.wav,13,bag,287ST
1647,2CFCW-13-1.wav,13,bag,2CFCW
1648,2CR09-13-1.wav,13,bag,2CR09
1649,2CR09-13-2.wav,13,bag,2CR09
1650,2CR09-13-3.wav,13,bag,2CR09
1651,2FECZ-13-1.wav,13,bag,2FECZ
1652,2FECZ-13-2.wav,13,bag,2FECZ
1653,2J2EW-13-1.wav,13,bag,2J2EW
1654,2J2EW-13-2.wav,13,bag,2J2EW
1655,2J2EW-13-3.wav,13,bag,2J2EW
1656,2J2EW-13-4.wav,13,bag,2J2EW
1657,2L6E2-13-1.wav,13,bag,2L6E2
1658,2L6E2-13-2.wav,13,bag,2L6E2
1659,2L6E2-13-3.wav,13,bag,2L6E2
1660,2L6E2-13-4.wav,13,bag,2L6E2
1661,2VCOB-13-1.wav,13,bag,2VCOB
1662,2VCOB-13-2.wav,13,bag,2VCOB
1663,2VCOB-13-3.wav,13,bag,2VCOB
1664,39T0D-13-1.wav,13,bag,39T0D
1665,3OQ81-13-1.wav,13,bag,3OQ81
1666,3QXPC-13-1.wav,13,bag,3QXPC
1667,3S6WL-13-1.wav,13,bag,3S6WL
1668,3VEJY-13-1.wav,13,bag,3VEJY
1669,3W31X-13-1.wav,13,bag,3W31X
1670,3ZOI4-13-1.wav,13,bag,3ZOI4
1671,3ZOI4-13-2.wav,13,bag,3ZOI4
1672,3ZOI4-13-3.wav,13,bag,3ZOI4
1673,3ZOI4-13-4.wav,13,bag,3ZOI4
1674,3ZUVI-13-1.wav,13,bag,3ZUVI
1675,4WMDU-13-1.wav,13,bag,4WMDU
1676,4WMDU-13-2.wav,13,bag,4WMDU
1677,5C6IS-13-1.wav,13,bag,5C6IS
1678,5D1FD-13-1.wav,13,bag,5D1FD
1679,5LFGO-13-1.wav,13,bag,5LFGO
1680,5LFGO-13-2.wav,13,bag,5LFGO
1681,5V5EL-13-1.wav,13,bag,5V5EL
1682,5YA6D-13-1.wav,13,bag,5YA6D
1683,6ZSB2-13-1.wav,13,bag,6ZSB2
1684,78R4Y-13-1.wav,13,bag,78R4Y
1685,78R4Y-13-2.wav,13,bag,78R4Y
1686,78R4Y-13-3.wav,13,bag,78R4Y
1687,7DODT-13-1.wav,13,bag,7DODT
1688,7DODT-13-2.wav,13,bag,7DODT
1689,7JZTY-13-1.wav,13,bag,7JZTY
1690,7JZTY-13-2.wav,13,bag,7JZTY
1691,7JZTY-13-3.wav,13,bag,7JZTY
1692,7P5R2-13-1.wav,13,bag,7P5R2
1693,7P5R2-13-2.wav,13,bag,7P5R2
1694,7P5R2-13-3.wav,13,bag,7P5R2
1695,7P5R2-13-4.wav,13,bag,7P5R2
1696,0BWYH-13-1.wav,13,bag,0BWYH
1697,07BSH-13-1.wav,13,bag,07BSH
1698,0KEZF-13-1.wav,13,bag,0KEZF
1699,0NJ26-13-1.wav,13,bag,0NJ26
1700,0NJ26-13-2.wav,13,bag,0NJ26
1701,0PPPL-13-1.wav,13,bag,0PPPL
1702,0RSFD-13-2.wav,13,bag,0RSFD
1703,0USFX-13-2.wav,13,bag,0USFX
1704,0TM53-13-1.wav,13,bag,0TM53
1705,1FX8Q-13-1.wav,13,bag,1FX8Q
1706,1FX8Q-13-2.wav,13,bag,1FX8Q
1707,1FX8Q-13-3.wav,13,bag,1FX8Q
1708,1375X-13-2.wav,13,bag,1375X
1709,13AUQ-13-2.wav,13,bag,13AUQ
1710,23YS1-13-1.wav,13,bag,23YS1
1711,23YS1-13-2.wav,13,bag,23YS1
1712,16KTS-13-1.wav,13,bag,16KTS
1713,19BHU-13-1.wav,13,bag,19BHU
1714,19BHU-13-2.wav,13,bag,19BHU
1715,19BHU-13-3.wav,13,bag,19BHU
1716,19BHU-13-4.wav,13,bag,19BHU
1717,1HL2K-13-1.wav,13,bag,1HL2K
1718,1HL2K-13-2.wav,13,bag,1HL2K
1719,1HL2K-13-3.wav,13,bag,1HL2K
1720,1HL2K-13-4.wav,13,bag,1HL2K
1721,7VP2U-11-1.wav,11,food,7VP2U
1722,04MTP-11-2.wav,11,food,04MTP
1723,04MTP-11-3.wav,11,food,04MTP
1724,04MTP-11-4.wav,11,food,04MTP
1725,04MTP-11-5.wav,11,food,04MTP
1726,04MTP-11-6.wav,11,food,04MTP
1727,06CKN-11-1.wav,11,food,06CKN
1728,06CKN-11-2.wav,11,food,06CKN
1729,06CKN-11-3.wav,11,food,06CKN
1730,06CKN-11-4.wav,11,food,06CKN
1731,0J5T4-11-1.wav,11,food,0J5T4
1732,0J5T4-11-2.wav,11,food,0J5T4
1733,0J5T4-11-3.wav,11,food,0J5T4
1734,0K0LP-11-2.wav,11,food,0K0LP
1735,0K0LP-11-3.wav,11,food,0K0LP
1736,0K0LP-11-4.wav,11,food,0K0LP
1737,0XV4T-11-1.wav,11,food,0XV4T
1738,0XP8L-11-1.wav,11,food,0XP8L
1739,0WU7S-11-1.wav,11,food,0WU7S
1740,0WU7S-11-2.wav,11,food,0WU7S
1741,0WU7S-11-3.wav,11,food,0WU7S
1742,0WU7S-11-4.wav,11,food,0WU7S
1743,0WU7S-11-5.wav,11,food,0WU7S
1744,0WU7S-11-6.wav,11,food,0WU7S
1745,0WU7S-11-7.wav,11,food,0WU7S
1746,0NVG2-11-1.wav,11,food,0NVG2
1747,0NVG2-11-2.wav,11,food,0NVG2
1748,0RPJX-11-1.wav,11,food,0RPJX
1749,0WYBK-11-2.wav,11,food,0WYBK
1750,0WYBK-11-3.wav,11,food,0WYBK
1751,0PVKV-11-1.wav,11,food,0PVKV
1752,0PVKV-11-2.wav,11,food,0PVKV
1753,120YL-11-1.wav,11,food,120YL
1754,120YL-11-2.wav,11,food,120YL
1755,120YL-11-3.wav,11,food,120YL
1756,14XKK-11-1.wav,11,food,14XKK
1757,14XKK-11-2.wav,11,food,14XKK
1758,15RTV-11-1.wav,11,food,15RTV
1759,1GII3-11-3.wav,11,food,1GII3
1760,1GII3-11-4.wav,11,food,1GII3
1761,1GII3-11-5.wav,11,food,1GII3
1762,1GII3-11-6.wav,11,food,1GII3
1763,1VF27-11-1.wav,11,food,1VF27
1764,106AY-11-1.wav,11,food,106AY
1765,13YII-11-1.wav,11,food,13YII
1766,13YII-11-2.wav,11,food,13YII
1767,14TJT-11-1.wav,11,food,14TJT
1768,14TJT-11-2.wav,11,food,14TJT
1769,14TJT-11-3.wav,11,food,14TJT
1770,1514T-11-1.wav,11,food,1514T
1771,1514T-11-2.wav,11,food,1514T
1772,1D31Z-11-1.wav,11,food,1D31Z
1773,1D31Z-11-2.wav,11,food,1D31Z
1774,1D31Z-11-3.wav,11,food,1D31Z
1775,1D31Z-11-4.wav,11,food,1D31Z
1776,24B2K-11-1.wav,11,food,24B2K
1777,1L7XE-11-1.wav,11,food,1L7XE
1778,1LARL-11-1.wav,11,food,1LARL
1779,1LARL-11-2.wav,11,food,1LARL
1780,1LARL-11-3.wav,11,food,1LARL
1781,1LARL-11-4.wav,11,food,1LARL
1782,1LARL-11-5.wav,11,food,1LARL
1783,1LARL-11-6.wav,11,food,1LARL
1784,1N1UT-11-1.wav,11,food,1N1UT
1785,1N1UT-11-2.wav,11,food,1N1UT
1786,1N1UT-11-3.wav,11,food,1N1UT
1787,1N1UT-11-4.wav,11,food,1N1UT
1788,1OIPY-11-1.wav,11,food,1OIPY
1789,1OIPY-11-2.wav,11,food,1OIPY
1790,1OIPY-11-3.wav,11,food,1OIPY
1791,1PB6T-11-1.wav,11,food,1PB6T
1792,1PB6T-11-2.wav,11,food,1PB6T
1793,1PB6T-11-3.wav,11,food,1PB6T
1794,1Q6M7-11-1.wav,11,food,1Q6M7
1795,1Q6M7-11-2.wav,11,food,1Q6M7
1796,1Q6M7-11-3.wav,11,food,1Q6M7
1797,1Q6M7-11-4.wav,11,food,1Q6M7
1798,1Q6M7-11-5.wav,11,food,1Q6M7
1799,1Q6M7-11-6.wav,11,food,1Q6M7
1800,1RB92-11-2.wav,11,food,1RB92
1801,1WAOU-11-1.wav,11,food,1WAOU
1802,1WAOU-11-2.wav,11,food,1WAOU
1803,1WAOU-11-3.wav,11,food,1WAOU
1804,1WAOU-11-4.wav,11,food,1WAOU
1805,1WAOU-11-5.wav,11,food,1WAOU
1806,1WAOU-11-6.wav,11,food,1WAOU
1807,1WWJZ-11-1.wav,11,food,1WWJZ
1808,1WWJZ-11-2.wav,11,food,1WWJZ
1809,1WWJZ-11-3.wav,11,food,1WWJZ
1810,1WWJZ-11-4.wav,11,food,1WWJZ
1811,243Y9-11-1.wav,11,food,243Y9
1812,243Y9-11-2.wav,11,food,243Y9
1813,27JQL-11-1.wav,11,food,27JQL
1814,27JQL-11-2.wav,11,food,27JQL
1815,08QQS-16-1.wav,16,doorknob,08QQS
1816,099Y1-16-1.wav,16,doorknob,099Y1
1817,0CQL8-16-1.wav,16,doorknob,0CQL8
1818,0IFCL-16-1.wav,16,doorknob,0IFCL
1819,0OSJY-16-1.wav,16,doorknob,0OSJY
1820,0QHR4-16-1.wav,16,doorknob ,0QHR4
1821,0TXYV-16-1.wav,16,doorknob ,0TXYV
1822,0ZOPH-16-1.wav,16,doorknob,0ZOPH
1823,1BBIY-16-1.wav,16,doorknob,1BBIY
1824,1F706-16-1.wav,16,doorknob,1F706
1825,1L2G1-16-1.wav,16,doorknob,1L2G1
1826,1P7GJ-16-1.wav,16,doorknob,1P7GJ
1827,1RD2K-16-1.wav,16,doorknob,1RD2K
1828,1WJ6O-16-1.wav,16,doorknob,1WJ6O
1829,1ZWPP-16-1.wav,16,doorknob,1ZWPP
1830,250SN-16-1.wav,16,doorknob,250SN
1831,250SN-16-2.wav,16,doorknob,250SN
1832,2BS0V-16-1.wav,16,doorknob,2BS0V
1833,2GQDN-16-1.wav,16,doorknob,2GQDN
1834,2M9YL-16-1.wav,16,doorknob,2M9YL
1835,2Q5Y2-16-1.wav,16,doorknob,2Q5Y2
1836,2XSK6-16-1.wav,16,doorknob,2XSK6
1837,1K0SU-16-1.wav,16,doorknob,1K0SU
1838,27KAK-16-1.wav,16,doorknob,27KAK
1839,2PZBY-16-1.wav,16,doorknob,2PZBY
1840,2U3X0-16-1.wav,16,doorknob,2U3X0
1841,33OVO-16-1.wav,16,doorknob,33OVO
1842,36AJ1-16-1.wav,16,doorknob,36AJ1
1843,3CKXF-16-1.wav,16,doorknob,3CKXF
1844,3H0PT-16-1.wav,16,doorknob,3H0PT
1845,3L3LC-16-1.wav,16,doorknob,3L3LC
1846,3NOML-16-1.wav,16,doorknob,3NOML
1847,3Q3YY-16-1.wav,16,doorknob,3Q3YY
1848,3UZ88-16-1.wav,16,doorknob,3UZ88
1849,3V7MT-16-1.wav,16,doorknob,3V7MT
1850,41CZS-16-1.wav,16,doorknob,41CZS
1851,42MC3-16-1.wav,16,doorknob,42MC3
1852,42MC3-16-2.wav,16,doorknob,42MC3
1853,469E8-16-1.wav,16,doorknob,4.69E+10
1854,4713W-16-1.wav,16,doorknob,4713W
1855,47I6H-16-1.wav,16,doorknob,47I6H
1856,4F76V-16-1.wav,16,doorknob,4F76V
1857,4VODV-16-1.wav,16,doorknob,4VODV
1858,4ZSAR-16-1.wav,16,doorknob,4ZSAR
1859,4BEZX-16-1.wav,16,doorknob,4BEZX
1860,4PEL7-16-1.wav,16,doorknob,4PEL7
1861,5R7VN-16-1.wav,16,doorknob,5R7VN
1862,511AM-16-1.wav,16,doorknob,511AM
1863,55OAL-16-1.wav,16,doorknob,55OAL
1864,55OAL-16-2.wav,16,doorknob,55OAL
1865,57MEO-16-1.wav,16,doorknob,57MEO
1866,5BQMX-16-1.wav,16,doorknob,5BQMX
1867,5JSFE-16-1.wav,16,doorknob,5JSFE
1868,5JSFE-16-2.wav,16,doorknob,5JSFE
1869,5O31N-16-1.wav,16,doorknob,5O31N
1870,5Q3QB-16-1.wav,16,doorknob,5Q3QB
1871,5Q3QB-16-2.wav,16,doorknob,5Q3QB
1872,5Q3QB-16-3.wav,16,doorknob,5Q3QB
1873,5Q3QB-16-4.wav,16,doorknob,5Q3QB
1874,5Q3QB-16-5.wav,16,doorknob,5Q3QB
1875,5Q3QB-16-6.wav,16,doorknob,5Q3QB
1876,5T607-16-1.wav,16,doorknob,5T607
1877,6BUU6-16-1.wav,16,doorknob,6BUU6
1878,6UDGS-16-1.wav,16,doorknob,6UDGS
1879,6UDGS-16-2.wav,16,doorknob,6UDGS
1880,6JLD4-16-1.wav,16,doorknob,6JLD4
1881,7QLMY-16-1.wav,16,doorknob,7QLMY
1882,7QLMY-16-2.wav,16,doorknob,7QLMY
1883,7YMK9-16-1.wav,16,doorknob,7YMK9
1884,7YMK9-16-2.wav,16,doorknob,7YMK9
1885,0HR01-16-1.wav,16,doorknob,0HR01
1886,0IFCL-16-2.wav,16,doorknob,0IFCL
1887,0ZSFI-16-1.wav,16,doorknob,0ZSFI
1888,0ZSFI-16-2.wav,16,doorknob,0ZSFI
1889,0ZOPH-16-2.wav,16,doorknob,0ZOPH
1890,0ZOPH-16-3.wav,16,doorknob,0ZOPH
1891,0Z36L-16-1.wav,16,doorknob,0Z36L
1892,0VQQL-16-1.wav,16,doorknob,0VQQL
1893,0OUEP-16-1.wav,16,doorknob,0OUEP
1894,0POYO-16-1.wav,16,doorknob,0POYO
1895,0QES3-16-1.wav,16,doorknob,0QES3
1896,0QHR4-16-2.wav,16,doorknob,0QHR4
1897,0UFGC-16-1.wav,16,doorknob,0UFGC
1898,0UFGC-16-2.wav,16,doorknob,0UFGC
1899,0SE6A-16-1.wav,16,doorknob,0SE6A
1900,0SE6A-16-2.wav,16,doorknob,0SE6A
1901,0EGNU-22-1.wav,22,book,0EGNU
1902,0GYRH-22-1.wav,22,book,0GYRH
1903,0KER3-22-1.wav,22,book,0KER3
1904,0KER3-22-2.wav,22,book,0KER3
1905,0NM06-22-1.wav,22,book,0NM06
1906,0WYBK-22-1.wav,22,book,0WYBK
1907,136V6-22-1.wav,22,book,136V6
1908,1J3I0-22-1.wav,22,book,1J3I0
1909,1JYPW-22-1.wav,22,book,1JYPW
1910,1VRH1-22-1.wav,22,book,1VRH1
1911,287ST-22-1.wav,22,book,287ST
1912,2JP64-22-1.wav,22,book,2JP64
1913,2L7MW-22-1.wav,22,book,2L7MW
1914,2STCL-22-1.wav,22,book,2STCL
1915,2YK65-22-1.wav,22,book,2YK65
1916,2YK65-22-2.wav,22,book,2YK65
1917,2YK65-22-3.wav,22,book,2YK65
1918,2YK65-22-4.wav,22,book,2YK65
1919,3VT73-22-1.wav,22,book,3VT73
1920,3A400-22-1.wav,22,book,3A400
1921,3A400-22-2.wav,22,book,3A400
1922,3KWFT-22-1.wav,22,book,3KWFT
1923,3SNSC-22-1.wav,22,book,3SNSC
1924,3WRE7-22-1.wav,22,book,3WRE7
1925,472B0-22-1.wav,22,book,472B0
1926,4F76V-22-1.wav,22,book,4F76V
1927,4GDTQ-22-1.wav,22,book,4GDTQ
1928,4N06O-22-1.wav,22,book,4N06O
1929,55FRY-22-1.wav,22,book,55FRY
1930,68QO4-22-1.wav,22,book,68QO4
1931,6ERRL-22-1.wav,22,book,6ERRL
1932,7V4NJ-22-1.wav,22,book,7V4NJ
1933,7V4NJ-22-2.wav,22,book,7V4NJ
1934,78XZ9-22-1.wav,22,book,78XZ9
1935,78XZ9-22-2.wav,22,book,78XZ9
1936,7KEOM-22-1.wav,22,book,7KEOM
1937,7L2RT-22-1.wav,22,book,7L2RT
1938,05ZNF-22-1.wav,22,book,05ZNF
1939,05ZNF-22-2.wav,22,book,05ZNF
1940,0LDP7-22-1.wav,22,book,0LDP7
1941,0XB7U-22-1.wav,22,book,0XB7U
1942,0XB7U-22-2.wav,22,book,0XB7U
1943,0VQQL-22-1.wav,22,book,0VQQL
1944,0M1ZU-22-1.wav,22,book,0M1ZU
1945,0NM06-22-2.wav,22,book,0NM06
1946,0NN7I-22-1.wav,22,book,0NN7I
1947,0QES3-22-1.wav,22,book,0QES3
1948,0RI7C-22-1.wav,22,book,0RI7C
1949,0RI7C-22-2.wav,22,book,0RI7C
1950,0RI7C-22-3.wav,22,book,0RI7C
1951,0RP6B-22-1.wav,22,book,0RP6B
1952,0SBT3-22-1.wav,22,book,0SBT3
1953,0TQZQ-22-1.wav,22,book,0TQZQ
1954,0WYBK-22-2.wav,22,book,0WYBK
1955,0LHWF-22-1.wav,22,book,0LHWF
1956,0LHWF-22-2.wav,22,book,0LHWF
1957,136V6-22-2.wav,22,book,136V6
1958,1AA3I-22-1.wav,22,book,1AA3I
1959,1AA3I-22-2.wav,22,book,1AA3I
1960,12VVC-22-1.wav,22,book,12VVC
1961,12VVC-22-2.wav,22,book,12VVC
1962,12VVC-22-3.wav,22,book,12VVC
1963,13AUQ-22-1.wav,22,book,13AUQ
1964,13AUQ-22-2.wav,22,book,13AUQ
1965,20WZU-22-1.wav,22,book,20WZU
1966,20WZU-22-2.wav,22,book,20WZU
1967,201W8-22-1.wav,22,book,201W8
1968,201W8-22-2.wav,22,book,201W8
1969,22A2G-22-1.wav,22,book,22A2G
1970,22A2G-22-2.wav,22,book,22A2G
1971,22ROE-22-1.wav,22,book,22ROE
1972,22ROE-22-2.wav,22,book,22ROE
1973,22ROE-22-3.wav,22,book,22ROE
1974,18FTZ-22-1.wav,22,book,18FTZ
1975,18FTZ-22-2.wav,22,book,18FTZ
1976,18FTZ-22-3.wav,22,book,18FTZ
1977,194WK-22-1.wav,22,book,194WK
1978,19UA5-22-1.wav,22,book,19UA5
1979,4LNPN-26-2.wav,26,clothes,4LNPN
1980,4LNPN-26-3.wav,26,clothes,4LNPN
1981,55MRE-26-1.wav,26,clothes,55MRE
1982,5776I-26-1.wav,26,clothes,5776I
1983,64F1C-26-1.wav,26,clothes,64F1C
1984,73XDD-26-1.wav,26,clothes,73XDD
1985,01KM1-26-1.wav,26,clothes,01KM1
1986,0WHOH-26-1.wav,26,clothes,0WHOH
1987,0WHOH-26-2.wav,26,clothes,0WHOH
1988,0WHOH-26-3.wav,26,clothes,0WHOH
1989,0M1X0-26-1.wav,26,clothes,0M1X0
1990,0M2DO-26-1.wav,26,clothes,0M2DO
1991,0OE6M-26-1.wav,26,clothes,0OE6M
1992,0PGAD-26-1.wav,26,clothes,0PGAD
1993,0PGAD-26-2.wav,26,clothes,0PGAD
1994,0QA8P-26-1.wav,26,clothes,0QA8P
1995,0QA8P-26-2.wav,26,clothes,0QA8P
1996,0RJKT-26-1.wav,26,clothes,0RJKT
1997,0RJKT-26-2.wav,26,clothes,0RJKT
1998,0RPJX-26-1.wav,26,clothes,0RPJX
1999,0RPJX-26-2.wav,26,clothes,0RPJX
2000,0RPJX-26-3.wav,26,clothes,0RPJX
2001,0RPJX-26-4.wav,26,clothes,0RPJX
2002,0RSFD-26-1.wav,26,clothes,0RSFD
2003,0RSFD-26-2.wav,26,clothes,0RSFD
2004,0TIHC-26-1.wav,26,clothes,0TIHC
2005,0UPBN-26-1.wav,26,clothes,0UPBN
2006,0M0T4-26-1.wav,26,clothes,0M0T4
2007,0M0T4-26-2.wav,26,clothes,0M0T4
2008,0J1BT-26-1.wav,26,clothes,0J1BT
2009,0J1BT-26-2.wav,26,clothes,0J1BT
2010,14XKK-26-1.wav,26,clothes,14XKK
2011,14XKK-26-2.wav,26,clothes,14XKK
2012,1E1EN-26-1.wav,26,clothes,1E1EN
2013,1E1EN-26-2.wav,26,clothes,1E1EN
2014,1E1EN-26-3.wav,26,clothes,1E1EN
2015,1E1EN-26-4.wav,26,clothes,1E1EN
2016,1W6YY-26-1.wav,26,clothes,1W6YY
2017,1W6YY-26-2.wav,26,clothes,1W6YY
2018,1W6YY-26-3.wav,26,clothes,1W6YY
2019,1W6YY-26-4.wav,26,clothes,1W6YY
2020,14JPP-26-1.wav,26,clothes,14JPP
2021,20LDB-26-1.wav,26,clothes,20LDB
2022,17AZ5-26-1.wav,26,clothes,17AZ5
2023,17AZ5-26-2.wav,26,clothes,17AZ5
2024,17AZ5-26-3.wav,26,clothes,17AZ5
2025,186EF-26-2.wav,26,clothes,186EF
2026,186EF-26-3.wav,26,clothes,186EF
2027,1AA6Z-26-1.wav,26,clothes,1AA6Z
2028,1DGSW-26-1.wav,26,clothes,1DGSW
2029,1EJKT-26-1.wav,26,clothes,1EJKT
2030,1EJKT-26-2.wav,26,clothes,1EJKT
2031,1EJKT-26-3.wav,26,clothes,1EJKT
2032,24XDE-26-1.wav,26,clothes,24XDE
2033,1ERM9-26-1.wav,26,clothes,1ERM9
2034,1KFLX-26-1.wav,26,clothes,1KFLX
2035,1KFLX-26-2.wav,26,clothes,1KFLX
2036,1KOZ4-26-1.wav,26,clothes,1KOZ4
2037,1KOZ4-26-2.wav,26,clothes,1KOZ4
2038,1KOZ4-26-3.wav,26,clothes,1KOZ4
2039,1UHL7-26-1.wav,26,clothes   ,1UHL7
2040,1UHL7-26-2.wav,26,clothes   ,1UHL7
2041,1UHL7-26-3.wav,26,clothes   ,1UHL7
2042,1UI6I-26-1.wav,26,clothes   ,1UI6I
2043,1UI6I-26-2.wav,26,clothes   ,1UI6I
2044,1UNXY-26-1.wav,26,clothes   ,1UNXY
2045,1UNXY-26-2.wav,26,clothes   ,1UNXY
2046,1YBKW-26-1.wav,26,clothes   ,1YBKW
2047,1YBKW-26-2.wav,26,clothes   ,1YBKW
2048,1YBKW-26-3.wav,26,clothes   ,1YBKW
2049,1YBKW-26-4.wav,26,clothes   ,1YBKW
2050,1YBKW-26-5.wav,26,clothes   ,1YBKW
2051,1YTD7-26-1.wav,26,clothes   ,1YTD7
2052,25QPB-26-1.wav,26,clothes,25QPB
2053,25QPB-26-2.wav,26,clothes,25QPB
2054,28BVI-26-1.wav,26,clothes,28BVI
2055,28BVI-26-2.wav,26,clothes,28BVI
2056,282ZZ-26-1.wav,26,clothes,282ZZ
2057,07LG5-9-1.wav,9,laptop,07LG5
2058,0J1AQ-9-1.wav,9,laptop,0J1AQ
2059,0SA65-9-1.wav,9,laptop,0SA65
2060,17P5V-9-1.wav,9,laptop,17P5V
2061,1J3I0-9-1.wav,9,laptop,1J3I0
2062,2UZUJ-9-1.wav,9,laptop,2UZUJ
2063,2UZUJ-9-2.wav,9,laptop,2UZUJ
2064,2UZUJ-9-3.wav,9,laptop,2UZUJ
2065,2UZUJ-9-4.wav,9,laptop,2UZUJ
2066,45P7D-9-1.wav,9,laptop,45P7D
2067,45P7D-9-2.wav,9,laptop,45P7D
2068,4EBCO-9-1.wav,9,laptop,4EBCO
2069,4EBCO-9-2.wav,9,laptop,4EBCO
2070,5EDX4-9-1.wav,9,laptop,5EDX4
2071,5XAMJ-9-1.wav,9,laptop,5XAMJ
2072,6LUM5-9-1.wav,9,laptop,6LUM5
2073,6FJBD-9-1.wav,9,laptop,6FJBD
2074,00T1E-9-1.wav,9,laptop,00T1E
2075,7XKUI-9-1.wav,9,laptop,7XKUI
2076,7XVS7-9-1.wav,9,laptop,7XVS7
2077,0GR11-9-1.wav,9,laptop,0GR11
2078,03M0K-9-1.wav,9,laptop,03M0K
2079,081WM-9-1.wav,9,laptop,081WM
2080,02DPI-9-1.wav,9,laptop,02DPI
2081,02DPI-9-2.wav,9,laptop,02DPI
2082,02DPI-9-3.wav,9,laptop,02DPI
2083,02DPI-9-4.wav,9,laptop,02DPI
2084,02DPI-9-5.wav,9,laptop,02DPI
2085,02DPI-9-6.wav,9,laptop,02DPI
2086,02DPI-9-7.wav,9,laptop,02DPI
2087,02DPI-9-8.wav,9,laptop,02DPI
2088,02DPI-9-9.wav,9,laptop,02DPI
2089,0J1AQ-9-2.wav,9,laptop,0J1AQ
2090,0XRD1-9-1.wav,9,laptop,0XRD1
2091,0XRD1-9-2.wav,9,laptop,0XRD1
2092,0W39H-9-1.wav,9,laptop,0W39H
2093,0W39H-9-2.wav,9,laptop,0W39H
2094,0W39H-9-3.wav,9,laptop,0W39H
2095,0W39H-9-4.wav,9,laptop,0W39H
2096,0W39H-9-5.wav,9,laptop,0W39H
2097,0PSL4-9-1.wav,9,laptop,0PSL4
2098,0QMGP-9-1.wav,9,laptop,0QMGP
2099,0R0DJ-9-1.wav,9,laptop,0R0DJ
2100,0R0DJ-9-2.wav,9,laptop,0R0DJ
2101,0R0DJ-9-3.wav,9,laptop,0R0DJ
2102,0R0DJ-9-4.wav,9,laptop,0R0DJ
2103,0R0DJ-9-5.wav,9,laptop,0R0DJ
2104,0R0DJ-9-6.wav,9,laptop,0R0DJ
2105,0R0DJ-9-7.wav,9,laptop,0R0DJ
2106,0SE6A-9-1.wav,9,laptop,0SE6A
2107,0SK6H-9-1.wav,9,laptop,0SK6H
2108,13IS9-9-1.wav,9,laptop,13IS9
2109,17P5V-9-2.wav,9,laptop,17P5V
2110,17P5V-9-3.wav,9,laptop,17P5V
2111,1KC11-9-1.wav,9,laptop,1KC11
2112,12T13-9-1.wav,9,laptop,12T13
2113,12T13-9-2.wav,9,laptop,12T13
2114,1333C-9-1.wav,9,laptop,1333C
2115,1333C-9-2.wav,9,laptop,1333C
2116,1333C-9-3.wav,9,laptop,1333C
2117,1333C-9-4.wav,9,laptop,1333C
2118,1333C-9-5.wav,9,laptop,1333C
2119,1333C-9-6.wav,9,laptop,1333C
2120,1333C-9-7.wav,9,laptop,1333C
2121,1333C-9-8.wav,9,laptop,1333C
2122,16OAM-9-1.wav,9,laptop,16OAM
2123,1AI3U-9-2.wav,9,laptop,1AI3U
2124,1AI3U-9-1.wav,9,laptop,1AI3U
2125,1AI3U-9-3.wav,9,laptop,1AI3U
2126,1AI3U-9-4.wav,9,laptop,1AI3U
2127,1AI3U-9-5.wav,9,laptop,1AI3U
2128,1AI3U-9-6.wav,9,laptop,1AI3U
2129,1AI3U-9-7.wav,9,laptop,1AI3U
2130,1F4YB-9-1.wav,9,laptop,1F4YB
2131,1F4YB-9-2.wav,9,laptop,1F4YB
2132,1F4YB-9-3.wav,9,laptop,1F4YB
2133,1F4YB-9-4.wav,9,laptop,1F4YB
2134,3Q3YY-15-3.wav,15,box,3Q3YY
2135,3Q3YY-15-4.wav,15,box,3Q3YY
2136,3Q3YY-15-5.wav,15,box,3Q3YY
2137,4021N-15-1.wav,15,box,4021N
2138,40TYU-15-1.wav,15,box,40TYU
2139,47D1Y-15-1.wav,15,box,47D1Y
2140,4VODV-15-1.wav,15,box,4VODV
2141,4KK20-15-1.wav,15,box,4KK20
2142,539EH-15-1.wav,15,box,539EH
2143,56PK0-15-1.wav,15,box,56PK0
2144,59X8N-15-1.wav,15,box,59X8N
2145,59X8N-15-2.wav,15,box,59X8N
2146,59X8N-15-3.wav,15,box,59X8N
2147,59X8N-15-4.wav,15,box,59X8N
2148,59X8N-15-5.wav,15,box,59X8N
2149,5DYQR-15-1.wav,15,box,5DYQR
2150,6FJBD-15-1.wav,15,box,6FJBD
2151,6FJBD-15-2.wav,15,box,6FJBD
2152,03EW0-15-1.wav,15,box,03EW0
2153,03EW0-15-2.wav,15,box,03EW0
2154,03EW0-15-3.wav,15,box,03EW0
2155,03EW0-15-4.wav,15,box,03EW0
2156,03EW0-15-5.wav,15,box,03EW0
2157,03EW0-15-6.wav,15,box,03EW0
2158,03EW0-15-7.wav,15,box,03EW0
2159,03EW0-15-8.wav,15,box,03EW0
2160,03EW0-15-9.wav,15,box,03EW0
2161,03EW0-15-10.wav,15,box,03EW0
2162,03EW0-15-11.wav,15,box,03EW0
2163,03EW0-15-12.wav,15,box,03EW0
2164,03EW0-15-13.wav,15,box,03EW0
2165,03EW0-15-14.wav,15,box,03EW0
2166,03EW0-15-15.wav,15,box,03EW0
2167,03EW0-15-16.wav,15,box,03EW0
2168,03EW0-15-17.wav,15,box,03EW0
2169,03EW0-15-18.wav,15,box,03EW0
2170,08AQS-15-1.wav,15,box,08AQS
2171,0HGNK-15-1.wav,15,box,0HGNK
2172,0X49F-15-1.wav,15,box,0X49F
2173,0VQES-15-1.wav,15,box,0VQES
2174,0VQES-15-2.wav,15,box,0VQES
2175,0VOQC-15-1.wav,15,box,0VOQC
2176,0VKEE-15-2.wav,15,box,0VKEE
2177,0O36O-15-2.wav,15,box,0O36O
2178,0OMFD-15-2.wav,15,box,0OMFD
2179,0UQU6-15-1.wav,15,box,0UQU6
2180,0TJ7G-15-1.wav,15,box,0TJ7G
2181,0UK3H-15-2.wav,15,box,0UK3H
2182,13XM4-15-1.wav,15,box,13XM4
2183,15FVJ-15-1.wav,15,box,15FVJ
2184,15FVJ-15-2.wav,15,box,15FVJ
2185,24B2K-15-1.wav,15,box,24B2K
2186,24B2K-15-2.wav,15,box,24B2K
2187,24B2K-15-3.wav,15,box,24B2K
2188,24XDE-15-1.wav,15,box,24XDE
2189,1ERM9-15-1.wav,15,box,1ERM9
2190,1G90H-15-1.wav,15,box,1G90H
2191,1G90H-15-2.wav,15,box,1G90H
2192,1JYPW-15-2.wav,15,box,1JYPW
2193,1KJI0-15-1.wav,15,box,1KJI0
2194,1KJI0-15-2.wav,15,box,1KJI0
2195,1TWH6-15-1.wav,15,box,1TWH6
2196,1TWH6-15-2.wav,15,box,1TWH6
2197,1TWH6-15-3.wav,15,box,1TWH6
2198,1UPHI-15-1.wav,15,box,1UPHI
2199,1UPHI-15-2.wav,15,box,1UPHI
2200,1YSGI-15-1.wav,15,box,1YSGI
2201,1YSGI-15-2.wav,15,box,1YSGI
2202,1YSGI-15-3.wav,15,box,1YSGI
2203,1YSGI-15-4.wav,15,box,1YSGI
2204,1YSGI-15-5.wav,15,box,1YSGI
2205,243Y9-15-1.wav,15,box,243Y9
2206,243Y9-15-2.wav,15,box,243Y9
2207,27JQL-15-1.wav,15,box,27JQL
2208,28BVI-15-1.wav,15,box,28BVI
2209,28BVI-15-2.wav,15,box,28BVI
2210,00NN7-12-1.wav,12,closet_cabinet,00NN7
2211,07LG5-12-1.wav,12,closet_cabinet,07LG5
2212,0DJ6R-12-1.wav,12,closet_cabinet,0DJ6R
2213,0F7LW-12-1.wav,12,closet_cabinet,0F7LW
2214,0FVYR-12-1.wav,12,closet_cabinet,0FVYR
2215,0FVYR-12-2.wav,12,closet_cabinet,0FVYR
2216,0QHR4-12-1.wav,12,closet_cabinet,0QHR4
2217,0USFX-12-1.wav,12,closet_cabinet,0USFX
2218,0USFX-12-2.wav,12,closet_cabinet,0USFX
2219,0WU7S-12-1.wav,12,closet_cabinet,0WU7S
2220,0XP8L-12-1.wav,12,closet_cabinet,0XP8L
2221,0XP8L-12-2.wav,12,closet_cabinet,0XP8L
2222,120YL-12-1.wav,12,closet_cabinet,120YL
2223,1440M-12-1.wav,12,closet_cabinet,1440M
2224,1440M-12-2.wav,12,closet_cabinet,1440M
2225,1ELWC-12-1.wav,12,closet_cabinet,1ELWC
2226,1GII3-12-1.wav,12,closet_cabinet,1GII3
2227,1GII3-12-2.wav,12,closet_cabinet,1GII3
2228,1L7XE-12-1.wav,12,closet_cabinet,1L7XE
2229,1LARL-12-1.wav,12,closet_cabinet,1LARL
2230,1NJOQ-12-1.wav,12,closet_cabinet,1NJOQ
2231,1Q6M7-12-1.wav,12,closet_cabinet,1Q6M7
2232,1T8RK-12-2.wav,12,closet_cabinet,1T8RK
2233,26YPV-12-1.wav,12,closet_cabinet,26YPV
2234,297S4-12-1.wav,12,closet_cabinet,297S4
2235,29JK6-12-1.wav,12,closet_cabinet,29JK6
2236,2M2O6-12-1.wav,12,closet_cabinet,2M2O6
2237,2PREF-12-1.wav,12,closet_cabinet,2PREF
2238,2Q3ZJ-12-1.wav,12,closet_cabinet,2Q3ZJ
2239,2WX2Z-12-1.wav,12,closet_cabinet,2WX2Z
2240,2Z8G8-12-1.wav,12,closet_cabinet,2Z8G8
2241,2Z8G8-12-2.wav,12,closet_cabinet,2Z8G8
2242,2ZICJ-12-1.wav,12,closet_cabinet,2ZICJ
2243,391VK-12-1.wav,12,closet_cabinet,391VK
2244,3DNW1-12-1.wav,12,closet_cabinet,3DNW1
2245,3KWFT-12-1.wav,12,closet_cabinet,3KWFT
2246,3KWFT-12-2.wav,12,closet_cabinet,3KWFT
2247,3OUXT-12-1.wav,12,closet_cabinet,3OUXT
2248,3ZUVI-12-1.wav,12,closet_cabinet,3ZUVI
2249,4GWNV-12-1.wav,12,closet_cabinet,4GWNV
2250,4RBVB-12-1.wav,12,closet_cabinet,4RBVB
2251,4SN6Z-12-1.wav,12,closet_cabinet,4SN6Z
2252,4SN6Z-12-2.wav,12,closet_cabinet,4SN6Z
2253,4GHHK-12-1.wav,12,closet_cabinet,4GHHK
2254,4UXE3-12-1.wav,12,closet_cabinet,4UXE3
2255,4UXE3-12-2.wav,12,closet_cabinet,4UXE3
2256,52KNA-12-1.wav,12,closet_cabinet,52KNA
2257,56PK0-12-1.wav,12,closet_cabinet,56PK0
2258,5T607-12-1.wav,12,closet_cabinet,5T607
2259,5V8OI-12-1.wav,12,closet_cabinet,5V8OI
2260,5V8OI-12-2.wav,12,closet_cabinet,5V8OI
2261,5V8OI-12-3.wav,12,closet_cabinet,5V8OI
2262,5Y3VW-12-1.wav,12,closet_cabinet,5Y3VW
2263,5ZGRN-12-1.wav,12,closet_cabinet,5ZGRN
2264,6LGTT-12-1.wav,12,closet_cabinet,6LGTT
2265,6OQYV-12-1.wav,12,closet_cabinet,6OQYV
2266,77Z0Z-12-1.wav,12,closet_cabinet,77Z0Z
2267,7R0LB-12-1.wav,12,closet_cabinet,7R0LB
2268,7EHQU-12-1.wav,12,closet_cabinet,7EHQU
2269,7RI1Y-12-1.wav,12,closet_cabinet,7RI1Y
2270,7WJUW-12-1.wav,12,closet_cabinet,7WJUW
2271,0HD0T-12-1.wav,12,closet_cabinet,0HD0T
2272,0HD9F-12-1.wav,12,closet_cabinet,0HD9F
2273,038WZ-12-1.wav,12,closet_cabinet,038WZ
2274,05GIA-12-1.wav,12,closet_cabinet,05GIA
2275,06CKN-12-1.wav,12,closet_cabinet,06CKN
2276,06CKN-12-2.wav,12,closet_cabinet,06CKN
2277,0XV7B-12-1.wav,12,closet_cabinet,0XV7B
2278,0WV3L-12-1.wav,12,closet_cabinet,0WV3L
2279,0NCWX-12-1.wav,12,closet_cabinet,0NCWX
2280,0Z1PC-12-1.wav,12,closet_cabinet,0Z1PC
2281,0Z1PC-12-2.wav,12,closet_cabinet,0Z1PC
2282,0Z1PC-12-3.wav,12,closet_cabinet,0Z1PC
2283,0Z1PC-12-4.wav,12,closet_cabinet,0Z1PC
2284,0Z1PC-12-5.wav,12,closet_cabinet,0Z1PC
2285,0Z1PC-12-6.wav,12,closet_cabinet,0Z1PC
2286,3MIWR-14-2.wav,14,broom,3MIWR
2287,5M49C-14-1.wav,14,broom,5M49C
2288,5M49C-14-2.wav,14,broom,5M49C
2289,5M49C-14-3.wav,14,broom,5M49C
2290,5M49C-14-4.wav,14,broom,5M49C
2291,7KW31-14-1.wav,14,broom,7KW31
2292,7MRKY-14-1.wav,14,broom,7MRKY
2293,7MRKY-14-2.wav,14,broom,7MRKY
2294,7MRKY-14-3.wav,14,broom,7MRKY
2295,7MRKY-14-4.wav,14,broom,7MRKY
2296,7MRKY-14-5.wav,14,broom,7MRKY
2297,0CX32-14-1.wav,14,broom,0CX32
2298,00607-14-1.wav,14,broom,607
2299,0ZC7L-14-2.wav,14,broom,0ZC7L
2300,0M6IY-14-2.wav,14,broom,0M6IY
2301,11L5M-14-2.wav,14,broom,11L5M
2302,11L5M-14-3.wav,14,broom,11L5M
2303,11L5M-14-4.wav,14,broom,11L5M
2304,11L5M-14-5.wav,14,broom,11L5M
2305,11L5M-14-6.wav,14,broom,11L5M
2306,1P7GJ-14-2.wav,14,broom,1P7GJ
2307,1P7GJ-14-3.wav,14,broom,1P7GJ
2308,1P7GJ-14-4.wav,14,broom,1P7GJ
2309,1221S-14-1.wav,14,broom,1221S
2310,1375X-14-1.wav,14,broom,1375X
2311,1375X-14-2.wav,14,broom,1375X
2312,1375X-14-3.wav,14,broom,1375X
2313,1375X-14-4.wav,14,broom,1375X
2314,1375X-14-5.wav,14,broom,1375X
2315,1375X-14-6.wav,14,broom,1375X
2316,1375X-14-7.wav,14,broom,1375X
2317,1375X-14-8.wav,14,broom,1375X
2318,20NI0-14-1.wav,14,broom,20NI0
2319,20NI0-14-2.wav,14,broom,20NI0
2320,23QFL-14-1.wav,14,broom,23QFL
2321,24SKP-14-1.wav,14,broom,24SKP
2322,24SKP-14-2.wav,14,broom,24SKP
2323,24SKP-14-3.wav,14,broom,24SKP
2324,16V9S-14-2.wav,14,broom,16V9S
2325,16V9S-14-3.wav,14,broom,16V9S
2326,16V9S-14-4.wav,14,broom,16V9S
2327,16V9S-14-5.wav,14,broom,16V9S
2328,16V9S-14-6.wav,14,broom,16V9S
2329,16WZF-14-1.wav,14,broom,16WZF
2330,186EF-14-1.wav,14,broom,186EF
2331,1AR0K-14-1.wav,14,broom,1AR0K
2332,1DYYP-14-2.wav,14,broom,1DYYP
2333,1DYYP-14-3.wav,14,broom,1DYYP
2334,1DYYP-14-1.wav,14,broom,1DYYP
2335,1DYYP-14-4.wav,14,broom,1DYYP
2336,1DYYP-14-5.wav,14,broom,1DYYP
2337,1ECM2-14-1.wav,14,broom,1ECM2
2338,1GQAJ-14-2.wav,14,broom,1GQAJ
2339,1GQAJ-14-3.wav,14,broom,1GQAJ
2340,1GQAJ-14-4.wav,14,broom,1GQAJ
2341,1GQAJ-14-5.wav,14,broom,1GQAJ
2342,1GQAJ-14-6.wav,14,broom,1GQAJ
2343,1IIS5-14-1.wav,14,broom,1IIS5
2344,1IIS5-14-2.wav,14,broom,1IIS5
2345,1IIS5-14-3.wav,14,broom,1IIS5
2346,1TAMK-14-1.wav,14,broom,1TAMK
2347,1XK68-14-1.wav,14,broom,1XK68
2348,29B3I-14-1.wav,14,broom,29B3I
2349,1Z5FK-14-1.wav,14,broom,1Z5FK
2350,1Z5FK-14-2.wav,14,broom,1Z5FK
2351,2544C-14-1.wav,14,broom,2544C
2352,27DCQ-14-1.wav,14,broom,27DCQ
2353,27DCQ-14-2.wav,14,broom,27DCQ
2354,0TDOP-29-1.wav,29,chair,0TDOP
2355,120YL-29-1.wav,29,chair,120YL
2356,1AI3U-29-1.wav,29,chair,1AI3U
2357,1AI3U-29-2.wav,29,chair,1AI3U
2358,1NJOQ-29-1.wav,29,chair,1NJOQ
2359,1XK68-29-1.wav,29,chair,1XK68
2360,2FW38-29-1.wav,29,chair,2FW38
2361,2UXXB-29-1.wav,29,chair,2UXXB
2362,2P7A9-29-1.wav,29,chair,2P7A9
2363,3XKBC-29-1.wav,29,chair,3XKBC
2364,47ZXN-29-1.wav,29,chair,47ZXN
2365,4O9A6-29-1.wav,29,chair,4O9A6
2366,4RBVB-29-1.wav,29,chair,4RBVB
2367,4BEZX-29-1.wav,29,chair,4BEZX
2368,5EDX4-29-1.wav,29,chair,5EDX4
2369,5L09N-29-1.wav,29,chair,5L09N
2370,5L09N-29-2.wav,29,chair,5L09N
2371,5XKVP-29-1.wav,29,chair,5XKVP
2372,6AHBW-29-1.wav,29,chair,6AHBW
2373,73NG4-29-1.wav,29,chair,73NG4
2374,75HWR-29-1.wav,29,chair,75HWR
2375,7BQ1O-29-1.wav,29,chair,7BQ1O
2376,7BQ1O-29-2.wav,29,chair,7BQ1O
2377,7FTBS-29-1.wav,29,chair,7FTBS
2378,7FTBS-29-2.wav,29,chair,7FTBS
2379,7QLMY-29-1.wav,29,chair,7QLMY
2380,7SXQS-29-1.wav,29,chair,7SXQS
2381,7SXQS-29-2.wav,29,chair,7SXQS
2382,7XVS7-29-1.wav,29,chair,7XVS7
2383,7XVS7-29-2.wav,29,chair,7XVS7
2384,7XVS7-29-3.wav,29,chair,7XVS7
2385,7XVS7-29-4.wav,29,chair,7XVS7
2386,7XVS7-29-5.wav,29,chair,7XVS7
2387,7XVS7-29-6.wav,29,chair,7XVS7
2388,01ZWG-29-1.wav,29,chair,01ZWG
2389,01ZWG-29-2.wav,29,chair,01ZWG
2390,03M0K-29-1.wav,29,chair,03M0K
2391,0EGNU-29-1.wav,29,chair,0EGNU
2392,0J1AQ-29-1.wav,29,chair,0J1AQ
2393,0J1AQ-29-2.wav,29,chair,0J1AQ
2394,0L0KS-29-1.wav,29,chair,0L0KS
2395,0XP8L-29-1.wav,29,chair,0XP8L
2396,0NM06-29-1.wav,29,chair,0NM06
2397,0S9KN-29-1.wav,29,chair,0S9KN
2398,0S9KN-29-2.wav,29,chair,0S9KN
2399,0S9KN-29-3.wav,29,chair,0S9KN
2400,0S9KN-29-4.wav,29,chair,0S9KN
2401,0TDOP-29-2.wav,29,chair,0TDOP
2402,1NJOQ-29-2.wav,29,chair,1NJOQ
2403,1NJOQ-29-3.wav,29,chair,1NJOQ
2404,1NJOQ-29-4.wav,29,chair,1NJOQ
2405,10INO-29-1.wav,29,chair,10INO
2406,113YU-29-1.wav,29,chair,113YU
2407,11TTU-29-1.wav,29,chair,11TTU
2408,11TTU-29-2.wav,29,chair,11TTU
2409,12VVC-29-1.wav,29,chair,12VVC
2410,13IJA-29-1.wav,29,chair,13IJA
2411,13IJA-29-2.wav,29,chair,13IJA
2412,13MWT-29-1.wav,29,chair,13MWT
2413,13MWT-29-2.wav,29,chair,13MWT
2414,23YS1-29-1.wav,29,chair,23YS1
2415,23YS1-29-2.wav,29,chair,23YS1
2416,23YS1-29-3.wav,29,chair,23YS1
2417,23YS1-29-4.wav,29,chair,23YS1
2418,194WK-29-1.wav,29,chair,194WK
2419,1KFLX-3-1.wav,3,door,1KFLX
2420,1L2G1-3-1.wav,3,door,1L2G1
2421,1O6PH-3-1.wav,3,door,1O6PH
2422,1P7GJ-3-1.wav,3,door,1P7GJ
2423,1P7GJ-3-2.wav,3,door,1P7GJ
2424,1Q4SL-3-1.wav,3,door,1Q4SL
2425,2FH2V-3-1.wav,3,door,2FH2V
2426,2MJ72-3-1.wav,3,door,2MJ72
2427,2WW04-3-1.wav,3,door,2WW04
2428,2XSK6-3-1.wav,3,door,2XSK6
2429,2XSK6-3-2.wav,3,door,2XSK6
2430,2PZBY-3-1.wav,3,door,2PZBY
2431,3KWFT-3-1.wav,3,door,3KWFT
2432,3V7MT-3-1.wav,3,door,3V7MT
2433,42MC3-3-1.wav,3,door,42MC3
2434,42MC3-3-2.wav,3,door,42MC3
2435,4713W-3-1.wav,3,door,4713W
2436,4DWGO-3-1.wav,3,door,4DWGO
2437,4F76V-3-1.wav,3,door,4F76V
2438,43CCM-3-1.wav,3,door,43CCM
2439,43CCM-3-2.wav,3,door,43CCM
2440,44PFW-3-1.wav,3,door,44PFW
2441,4BEZX-3-1.wav,3,door,4BEZX
2442,537I0-3-1.wav,3,door,537I0
2443,5GK8W-3-1.wav,3,door,5GK8W
2444,5N7EW-3-1.wav,3,door,5N7EW
2445,6UDGS-3-1.wav,3,door,6UDGS
2446,61IVZ-3-1.wav,3,door,61IVZ
2447,7SLK1-3-1.wav,3,door,7SLK1
2448,7XR13-3-1.wav,3,door,7XR13
2449,7YMK9-3-1.wav,3,door,7YMK9
2450,0HR01-3-1.wav,3,door,0HR01
2451,0GH5O-3-1.wav,3,door,0GH5O
2452,0ZSFI-3-2.wav,3,door,0ZSFI
2453,0NFT7-3-1.wav,3,door,0NFT7
2454,0O022-3-1.wav,3,door,0O022
2455,0O022-3-2.wav,3,door,0O022
2456,0O022-3-3.wav,3,door,0O022
2457,0QA8P-3-1.wav,3,door,0QA8P
2458,0QES3-3-1.wav,3,door,0QES3
2459,0UQU6-3-1.wav,3,door,0UQU6
2460,0UFGC-3-2.wav,3,door,0UFGC
2461,1BGZ0-3-2.wav,3,door,1BGZ0
2462,1W6ZK-3-1.wav,3,door,1W6ZK
2463,10INO-3-1.wav,3,door,10INO
2464,129SP-3-1.wav,3,door,129SP
2465,13AUQ-3-1.wav,3,door,13AUQ
2466,13AUQ-3-2.wav,3,door,13AUQ
2467,229ZR-3-1.wav,3,door,229ZR
2468,1DGC9-3-1.wav,3,door,1DGC9
2469,1EX1G-3-1.wav,3,door,1EX1G
2470,1GQAJ-3-1.wav,3,door,1GQAJ
2471,1MU5L-3-1.wav,3,door,1MU5L
2472,1MU5L-3-2.wav,3,door,1MU5L
2473,1OIPY-3-1.wav,3,door,1OIPY
2474,1SCZE-3-1.wav,3,door,1SCZE
2475,1TAMK-3-1.wav,3,door,1TAMK
2476,1WI77-3-1.wav,3,door,1WI77
2477,1WJ6O-3-1.wav,3,door,1WJ6O
2478,1WJ6O-3-2.wav,3,door,1WJ6O
2479,1YTD7-3-1.wav,3,door,1YTD7
2480,2443O-3-1.wav,3,door,2443O
2481,25QPB-3-1.wav,3,door,25QPB
2482,013SD-6-1.wav,6,light,013SD
2483,09F15-6-1.wav,6,light,09F15
2484,0DDYA-6-1.wav,6,light,0DDYA
2485,0IJ8T-6-1.wav,6,light,0IJ8T
2486,0M2DO-6-1.wav,6,light,0M2DO
2487,106AY-6-1.wav,6,light,106AY
2488,10INO-6-1.wav,6,light,10INO
2489,17AZ5-6-1.wav,6,light,17AZ5
2490,1CITG-6-1.wav,6,light,1CITG
2491,1DNAX-6-1.wav,6,light,1DNAX
2492,1K0SU-6-1.wav,6,light,1K0SU
2493,1KKYX-6-1.wav,6,light,1KKYX
2494,1SCZE-6-1.wav,6,light,1SCZE
2495,2G6A8-6-1.wav,6,light,2G6A8
2496,2IS9G-6-1.wav,6,light,2IS9G
2497,2AIP4-6-1.wav,6,light,2AIP4
2498,31YNM-6-1.wav,6,light,31YNM
2499,3MAY9-6-1.wav,6,light,3-May-09
2500,3V7MT-6-1.wav,6,light,3V7MT
2501,3VMR9-6-1.wav,6,light,3VMR9
2502,42MC3-6-1.wav,6,light,42MC3
2503,42MC3-6-2.wav,6,light,42MC3
2504,42MC3-6-3.wav,6,light,42MC3
2505,42MC3-6-4.wav,6,light,42MC3
2506,42MC3-6-5.wav,6,light,42MC3
2507,42MC3-6-6.wav,6,light,42MC3
2508,42MC3-6-7.wav,6,light,42MC3
2509,469ZJ-6-1.wav,6,light,469ZJ
2510,47I6H-6-1.wav,6,light,47I6H
2511,47ZXN-6-1.wav,6,light,47ZXN
2512,4J494-6-1.wav,6,light,4J494
2513,4VX01-6-1.wav,6,door,4VX01
2514,5JSGK-6-1.wav,6,light,5JSGK
2515,5Q0CX-6-1.wav,6,light,5Q0CX
2516,6E6GF-6-1.wav,6,light,6E6GF
2517,6JLD4-6-1.wav,6,light,6JLD4
2518,6OQYV-6-1.wav,6,light,6OQYV
2519,70S6Y-6-1.wav,6,light,70S6Y
2520,70S6Y-6-2.wav,6,light,70S6Y
2521,70S6Y-6-3.wav,6,light,70S6Y
2522,72JYK-6-1.wav,6,light,72JYK
2523,7WG7A-6-1.wav,6,light,7WG7A
2524,0F7LW-6-1.wav,6,light,0F7LW
2525,08Y62-6-1.wav,6,light,08Y62
2526,0IAGO-6-1.wav,6,light,0IAGO
2527,02GMI-6-1.wav,6,light,02GMI
2528,0ZC7L-6-1.wav,6,light,0ZC7L
2529,0PPPL-6-1.wav,6,light,0PPPL
2530,0O6RK-6-1.wav,6,light,0O6RK
2531,0O6RK-6-2.wav,6,light,0O6RK
2532,0M0T4-6-1.wav,6,light,0M0T4
2533,03AA8-8-1.wav,8,dish,03AA8
2534,0EJAG-8-1.wav,8,dish,0EJAG
2535,0KZYF-8-1.wav,8,dish,0KZYF
2536,0SA65-8-1.wav,8,dish,0SA65
2537,10ND1-8-1.wav,8,dish,10ND1
2538,120YL-8-1.wav,8,dish,120YL
2539,120YL-8-2.wav,8,dish,120YL
2540,17P5V-8-1.wav,8,dish,17P5V
2541,1E7VU-8-1.wav,8,dish,1E7VU
2542,1OIPY-8-1.wav,8,dish,1OIPY
2543,1YAYG-8-1.wav,8,dish,1YAYG
2544,1YAYG-8-2.wav,8,dish,1YAYG
2545,1YAYG-8-3.wav,8,dish,1YAYG
2546,1YAYG-8-4.wav,8,dish,1YAYG
2547,275W0-8-1.wav,8,dish,275W0
2548,2VNXF-8-1.wav,8,dish,2VNXF
2549,21WN7-8-1.wav,8,dish,21WN7
2550,337O2-8-1.wav,8,dish,337O2
2551,43OXO-8-1.wav,8,dish,43OXO
2552,4A81E-8-1.wav,8,dish,4A81E
2553,47Y1V-8-1.wav,8,dish,47Y1V
2554,4FX6G-8-1.wav,8,dish,4FX6G
2555,4FX6G-8-2.wav,8,dish,4FX6G
2556,4FX6G-8-3.wav,8,dish,4FX6G
2557,4FX6G-8-4.wav,8,dish,4FX6G
2558,4GHHK-8-1.wav,8,dish,4GHHK
2559,4RT06-8-1.wav,8,dish,4RT06
2560,52MV9-8-1.wav,8,dish,52MV9
2561,55BOW-8-1.wav,8,dish,55BOW
2562,6LR93-8-1.wav,8,dish,6LR93
2563,6LR93-8-2.wav,8,dish,6LR93
2564,6LR93-8-3.wav,8,dish,6LR93
2565,7MI5Z-8-1.wav,8,dish,7MI5Z
2566,7MI5Z-8-2.wav,8,dish,7MI5Z
2567,7TJ60-8-1.wav,8,dish,7TJ60
2568,7TJ60-8-2.wav,8,dish,7TJ60
2569,7VSIV-8-1.wav,8,dish,7VSIV
2570,01THT-8-1.wav,8,dish,01THT
2571,01THT-8-2.wav,8,dish,01THT
2572,02DPI-8-1.wav,8,dish,02DPI
2573,02DPI-8-2.wav,8,dish,02DPI
2574,120YL-8-3.wav,8,dish,120YL
2575,17P5V-8-2.wav,8,dish,17P5V
2576,1GGRY-8-1.wav,8,dish,1GGRY
2577,1GGRY-8-2.wav,8,dish,1GGRY
2578,1GGRY-8-3.wav,8,dish,1GGRY
2579,1VF27-8-1.wav,8,dish,1VF27
2580,10INO-8-1.wav,8,dish,10INO
2581,10ND1-8-2.wav,8,dish,10ND1
2582,10ND1-8-3.wav,8,dish,10ND1
2583,1E7VU-8-2.wav,8,dish,1E7VU
2584,0Y8H0-32-1.wav,32,water,0Y8H0
2585,0JB3D-32-1.wav,32,water,0JB3D
2586,0JJIY-32-1.wav,32,water,0JJIY
2587,0XB7U-32-1.wav,32,water,0XB7U
2588,0XB7U-32-2.wav,32,water,0XB7U
2589,0W39H-32-1.wav,32,water,0W39H
2590,0O022-32-1.wav,32,water,0O022
2591,0O022-32-2.wav,32,water,0O022
2592,0O022-32-3.wav,32,water,0O022
2593,0QMGP-32-1.wav,32,water,0QMGP
2594,0R4UI-32-1.wav,32,water,0R4UI
2595,0R4UI-32-2.wav,32,water,0R4UI
2596,0SXRS-32-1.wav,32,water,0SXRS
2597,0SXRS-32-2.wav,32,water,0SXRS
2598,0TJ7G-32-1.wav,32,water,0TJ7G
2599,0TKKR-32-1.wav,32,water,0TKKR
2600,0TKKR-32-2.wav,32,water,0TKKR
2601,0KTWY-32-1.wav,32,water,0KTWY
2602,1LEE4-32-1.wav,32,water,1LEE4
2603,1LEE4-32-2.wav,32,water,1LEE4
2604,1LEE4-32-3.wav,32,water,1LEE4
2605,1LEE4-32-4.wav,32,water,1LEE4
2606,1LEE4-32-5.wav,32,water,1LEE4
2607,1P7GJ-32-1.wav,32,water,1P7GJ
2608,100U3-32-1.wav,32,water,100U3
2609,100U3-32-2.wav,32,water,100U3
2610,11TTU-32-1.wav,32,water,11TTU
2611,11TTU-32-2.wav,32,water,11TTU
2612,14A2O-32-1.wav,32,water,14A2O
2613,14A2O-32-2.wav,32,water,14A2O
2614,201W8-32-1.wav,32,water,201W8
2615,201W8-32-2.wav,32,water,201W8
2616,19BHU-32-1.wav,32,water,19BHU
2617,19SJ6-32-1.wav,32,water,19SJ6
2618,19SJ6-32-2.wav,32,water,19SJ6
2619,1ERM9-32-1.wav,32,water,1ERM9
2620,1ERM9-32-2.wav,32,water,1ERM9
2621,1ERM9-32-3.wav,32,water,1ERM9
2622,1ERM9-32-4.wav,32,water,1ERM9
2623,1FA5M-32-1.wav,32,water,1FA5M
2624,1FA5M-32-2.wav,32,water,1FA5M
2625,1G9R7-32-1.wav,32,water,1G9R7
2626,1JH1W-32-1.wav,32,water,1JH1W
2627,1JH1W-32-2.wav,32,water,1JH1W
2628,1JH1W-32-3.wav,32,water,1JH1W
2629,1JH1W-32-4.wav,32,water,1JH1W
2630,1JH1W-32-5.wav,32,water,1JH1W
2631,1OF1O-32-1.wav,32,water,1OF1O
2632,1OF1O-32-2.wav,32,water,1OF1O
2633,1OF1O-32-3.wav,32,water,1OF1O
